path,source_folder,label,y,group,split
data/raw/dataset-resized/cardboard/cardboard1.jpg,cardboard,paper_cardboard,1,0,val
data/raw/dataset-resized/cardboard/cardboard10.jpg,cardboard,paper_cardboard,1,1177,train
data/raw/dataset-resized/cardboard/cardboard100.jpg,cardboard,paper_cardboard,1,2,train
data/raw/dataset-resized/cardboard/cardboard101.jpg,cardboard,paper_cardboard,1,3,val
data/raw/dataset-resized/cardboard/cardboard102.jpg,cardboard,paper_cardboard,1,4,train
data/raw/dataset-resized/cardboard/cardboard103.jpg,cardboard,paper_cardboard,1,5,train
data/raw/dataset-resized/cardboard/cardboard104.jpg,cardboard,paper_cardboard,1,6,test
data/raw/dataset-resized/cardboard/cardboard105.jpg,cardboard,paper_cardboard,1,7,val
data/raw/dataset-resized/cardboard/cardboard106.jpg,cardboard,paper_cardboard,1,8,train
data/raw/dataset-resized/cardboard/cardboard107.jpg,cardboard,paper_cardboard,1,9,train
data/raw/dataset-resized/cardboard/cardboard108.jpg,cardboard,paper_cardboard,1,10,train
data/raw/dataset-resized/cardboard/cardboard109.jpg,cardboard,paper_cardboard,1,11,val
data/raw/dataset-resized/cardboard/cardboard11.jpg,cardboard,paper_cardboard,1,12,train
data/raw/dataset-resized/cardboard/cardboard110.jpg,cardboard,paper_cardboard,1,1177,train
data/raw/dataset-resized/cardboard/cardboard111.jpg,cardboard,paper_cardboard,1,14,train
data/raw/dataset-resized/cardboard/cardboard112.jpg,cardboard,paper_cardboard,1,15,train
data/raw/dataset-resized/cardboard/cardboard113.jpg,cardboard,paper_cardboard,1,16,train
data/raw/dataset-resized/cardboard/cardboard114.jpg,cardboard,paper_cardboard,1,17,train
data/raw/dataset-resized/cardboard/cardboard115.jpg,cardboard,paper_cardboard,1,18,train
data/raw/dataset-resized/cardboard/cardboard116.jpg,cardboard,paper_cardboard,1,19,train
data/raw/dataset-resized/cardboard/cardboard117.jpg,cardboard,paper_cardboard,1,20,val
data/raw/dataset-resized/cardboard/cardboard118.jpg,cardboard,paper_cardboard,1,21,train
data/raw/dataset-resized/cardboard/cardboard119.jpg,cardboard,paper_cardboard,1,22,val
data/raw/dataset-resized/cardboard/cardboard12.jpg,cardboard,paper_cardboard,1,23,train
data/raw/dataset-resized/cardboard/cardboard120.jpg,cardboard,paper_cardboard,1,24,train
data/raw/dataset-resized/cardboard/cardboard121.jpg,cardboard,paper_cardboard,1,25,train
data/raw/dataset-resized/cardboard/cardboard122.jpg,cardboard,paper_cardboard,1,26,test
data/raw/dataset-resized/cardboard/cardboard123.jpg,cardboard,paper_cardboard,1,27,train
data/raw/dataset-resized/cardboard/cardboard124.jpg,cardboard,paper_cardboard,1,28,test
data/raw/dataset-resized/cardboard/cardboard125.jpg,cardboard,paper_cardboard,1,29,train
data/raw/dataset-resized/cardboard/cardboard126.jpg,cardboard,paper_cardboard,1,30,train
data/raw/dataset-resized/cardboard/cardboard127.jpg,cardboard,paper_cardboard,1,31,test
data/raw/dataset-resized/cardboard/cardboard128.jpg,cardboard,paper_cardboard,1,32,train
data/raw/dataset-resized/cardboard/cardboard129.jpg,cardboard,paper_cardboard,1,33,test
data/raw/dataset-resized/cardboard/cardboard13.jpg,cardboard,paper_cardboard,1,34,train
data/raw/dataset-resized/cardboard/cardboard130.jpg,cardboard,paper_cardboard,1,35,train
data/raw/dataset-resized/cardboard/cardboard131.jpg,cardboard,paper_cardboard,1,36,train
data/raw/dataset-resized/cardboard/cardboard132.jpg,cardboard,paper_cardboard,1,37,train
data/raw/dataset-resized/cardboard/cardboard133.jpg,cardboard,paper_cardboard,1,38,train
data/raw/dataset-resized/cardboard/cardboard134.jpg,cardboard,paper_cardboard,1,39,train
data/raw/dataset-resized/cardboard/cardboard135.jpg,cardboard,paper_cardboard,1,40,train
data/raw/dataset-resized/cardboard/cardboard136.jpg,cardboard,paper_cardboard,1,41,train
data/raw/dataset-resized/cardboard/cardboard137.jpg,cardboard,paper_cardboard,1,42,train
data/raw/dataset-resized/cardboard/cardboard138.jpg,cardboard,paper_cardboard,1,43,train
data/raw/dataset-resized/cardboard/cardboard139.jpg,cardboard,paper_cardboard,1,44,train
data/raw/dataset-resized/cardboard/cardboard14.jpg,cardboard,paper_cardboard,1,45,test
data/raw/dataset-resized/cardboard/cardboard140.jpg,cardboard,paper_cardboard,1,46,train
data/raw/dataset-resized/cardboard/cardboard141.jpg,cardboard,paper_cardboard,1,47,test
data/raw/dataset-resized/cardboard/cardboard142.jpg,cardboard,paper_cardboard,1,48,train
data/raw/dataset-resized/cardboard/cardboard143.jpg,cardboard,paper_cardboard,1,49,val
data/raw/dataset-resized/cardboard/cardboard144.jpg,cardboard,paper_cardboard,1,50,train
data/raw/dataset-resized/cardboard/cardboard145.jpg,cardboard,paper_cardboard,1,51,train
data/raw/dataset-resized/cardboard/cardboard146.jpg,cardboard,paper_cardboard,1,52,train
data/raw/dataset-resized/cardboard/cardboard147.jpg,cardboard,paper_cardboard,1,53,train
data/raw/dataset-resized/cardboard/cardboard148.jpg,cardboard,paper_cardboard,1,54,train
data/raw/dataset-resized/cardboard/cardboard149.jpg,cardboard,paper_cardboard,1,55,train
data/raw/dataset-resized/cardboard/cardboard15.jpg,cardboard,paper_cardboard,1,56,val
data/raw/dataset-resized/cardboard/cardboard150.jpg,cardboard,paper_cardboard,1,57,train
data/raw/dataset-resized/cardboard/cardboard151.jpg,cardboard,paper_cardboard,1,58,test
data/raw/dataset-resized/cardboard/cardboard152.jpg,cardboard,paper_cardboard,1,59,train
data/raw/dataset-resized/cardboard/cardboard153.jpg,cardboard,paper_cardboard,1,60,val
data/raw/dataset-resized/cardboard/cardboard154.jpg,cardboard,paper_cardboard,1,61,val
data/raw/dataset-resized/cardboard/cardboard155.jpg,cardboard,paper_cardboard,1,62,train
data/raw/dataset-resized/cardboard/cardboard156.jpg,cardboard,paper_cardboard,1,63,val
data/raw/dataset-resized/cardboard/cardboard157.jpg,cardboard,paper_cardboard,1,64,train
data/raw/dataset-resized/cardboard/cardboard158.jpg,cardboard,paper_cardboard,1,65,train
data/raw/dataset-resized/cardboard/cardboard159.jpg,cardboard,paper_cardboard,1,66,val
data/raw/dataset-resized/cardboard/cardboard16.jpg,cardboard,paper_cardboard,1,67,train
data/raw/dataset-resized/cardboard/cardboard160.jpg,cardboard,paper_cardboard,1,68,test
data/raw/dataset-resized/cardboard/cardboard161.jpg,cardboard,paper_cardboard,1,69,train
data/raw/dataset-resized/cardboard/cardboard162.jpg,cardboard,paper_cardboard,1,70,val
data/raw/dataset-resized/cardboard/cardboard163.jpg,cardboard,paper_cardboard,1,71,val
data/raw/dataset-resized/cardboard/cardboard164.jpg,cardboard,paper_cardboard,1,72,test
data/raw/dataset-resized/cardboard/cardboard165.jpg,cardboard,paper_cardboard,1,73,val
data/raw/dataset-resized/cardboard/cardboard166.jpg,cardboard,paper_cardboard,1,74,test
data/raw/dataset-resized/cardboard/cardboard167.jpg,cardboard,paper_cardboard,1,75,train
data/raw/dataset-resized/cardboard/cardboard168.jpg,cardboard,paper_cardboard,1,76,train
data/raw/dataset-resized/cardboard/cardboard169.jpg,cardboard,paper_cardboard,1,77,train
data/raw/dataset-resized/cardboard/cardboard17.jpg,cardboard,paper_cardboard,1,78,train
data/raw/dataset-resized/cardboard/cardboard170.jpg,cardboard,paper_cardboard,1,79,train
data/raw/dataset-resized/cardboard/cardboard171.jpg,cardboard,paper_cardboard,1,80,train
data/raw/dataset-resized/cardboard/cardboard172.jpg,cardboard,paper_cardboard,1,81,test
data/raw/dataset-resized/cardboard/cardboard173.jpg,cardboard,paper_cardboard,1,82,test
data/raw/dataset-resized/cardboard/cardboard174.jpg,cardboard,paper_cardboard,1,83,train
data/raw/dataset-resized/cardboard/cardboard175.jpg,cardboard,paper_cardboard,1,84,train
data/raw/dataset-resized/cardboard/cardboard176.jpg,cardboard,paper_cardboard,1,85,train
data/raw/dataset-resized/cardboard/cardboard177.jpg,cardboard,paper_cardboard,1,86,train
data/raw/dataset-resized/cardboard/cardboard178.jpg,cardboard,paper_cardboard,1,87,train
data/raw/dataset-resized/cardboard/cardboard179.jpg,cardboard,paper_cardboard,1,88,val
data/raw/dataset-resized/cardboard/cardboard18.jpg,cardboard,paper_cardboard,1,89,train
data/raw/dataset-resized/cardboard/cardboard180.jpg,cardboard,paper_cardboard,1,90,test
data/raw/dataset-resized/cardboard/cardboard181.jpg,cardboard,paper_cardboard,1,91,train
data/raw/dataset-resized/cardboard/cardboard182.jpg,cardboard,paper_cardboard,1,92,train
data/raw/dataset-resized/cardboard/cardboard183.jpg,cardboard,paper_cardboard,1,93,train
data/raw/dataset-resized/cardboard/cardboard184.jpg,cardboard,paper_cardboard,1,94,val
data/raw/dataset-resized/cardboard/cardboard185.jpg,cardboard,paper_cardboard,1,95,test
data/raw/dataset-resized/cardboard/cardboard186.jpg,cardboard,paper_cardboard,1,96,test
data/raw/dataset-resized/cardboard/cardboard187.jpg,cardboard,paper_cardboard,1,97,val
data/raw/dataset-resized/cardboard/cardboard188.jpg,cardboard,paper_cardboard,1,98,train
data/raw/dataset-resized/cardboard/cardboard189.jpg,cardboard,paper_cardboard,1,99,train
data/raw/dataset-resized/cardboard/cardboard19.jpg,cardboard,paper_cardboard,1,100,test
data/raw/dataset-resized/cardboard/cardboard190.jpg,cardboard,paper_cardboard,1,101,val
data/raw/dataset-resized/cardboard/cardboard191.jpg,cardboard,paper_cardboard,1,102,train
data/raw/dataset-resized/cardboard/cardboard192.jpg,cardboard,paper_cardboard,1,103,train
data/raw/dataset-resized/cardboard/cardboard193.jpg,cardboard,paper_cardboard,1,104,test
data/raw/dataset-resized/cardboard/cardboard194.jpg,cardboard,paper_cardboard,1,105,test
data/raw/dataset-resized/cardboard/cardboard195.jpg,cardboard,paper_cardboard,1,106,train
data/raw/dataset-resized/cardboard/cardboard196.jpg,cardboard,paper_cardboard,1,107,train
data/raw/dataset-resized/cardboard/cardboard197.jpg,cardboard,paper_cardboard,1,108,train
data/raw/dataset-resized/cardboard/cardboard198.jpg,cardboard,paper_cardboard,1,109,val
data/raw/dataset-resized/cardboard/cardboard199.jpg,cardboard,paper_cardboard,1,110,train
data/raw/dataset-resized/cardboard/cardboard2.jpg,cardboard,paper_cardboard,1,1177,train
data/raw/dataset-resized/cardboard/cardboard20.jpg,cardboard,paper_cardboard,1,112,train
data/raw/dataset-resized/cardboard/cardboard200.jpg,cardboard,paper_cardboard,1,113,val
data/raw/dataset-resized/cardboard/cardboard201.jpg,cardboard,paper_cardboard,1,114,val
data/raw/dataset-resized/cardboard/cardboard202.jpg,cardboard,paper_cardboard,1,115,train
data/raw/dataset-resized/cardboard/cardboard203.jpg,cardboard,paper_cardboard,1,116,test
data/raw/dataset-resized/cardboard/cardboard204.jpg,cardboard,paper_cardboard,1,117,train
data/raw/dataset-resized/cardboard/cardboard205.jpg,cardboard,paper_cardboard,1,118,train
data/raw/dataset-resized/cardboard/cardboard206.jpg,cardboard,paper_cardboard,1,119,val
data/raw/dataset-resized/cardboard/cardboard207.jpg,cardboard,paper_cardboard,1,120,train
data/raw/dataset-resized/cardboard/cardboard208.jpg,cardboard,paper_cardboard,1,1177,train
data/raw/dataset-resized/cardboard/cardboard209.jpg,cardboard,paper_cardboard,1,122,train
data/raw/dataset-resized/cardboard/cardboard21.jpg,cardboard,paper_cardboard,1,123,train
data/raw/dataset-resized/cardboard/cardboard210.jpg,cardboard,paper_cardboard,1,124,train
data/raw/dataset-resized/cardboard/cardboard211.jpg,cardboard,paper_cardboard,1,125,train
data/raw/dataset-resized/cardboard/cardboard212.jpg,cardboard,paper_cardboard,1,126,val
data/raw/dataset-resized/cardboard/cardboard213.jpg,cardboard,paper_cardboard,1,127,train
data/raw/dataset-resized/cardboard/cardboard214.jpg,cardboard,paper_cardboard,1,128,train
data/raw/dataset-resized/cardboard/cardboard215.jpg,cardboard,paper_cardboard,1,129,train
data/raw/dataset-resized/cardboard/cardboard216.jpg,cardboard,paper_cardboard,1,130,test
data/raw/dataset-resized/cardboard/cardboard217.jpg,cardboard,paper_cardboard,1,131,val
data/raw/dataset-resized/cardboard/cardboard218.jpg,cardboard,paper_cardboard,1,132,train
data/raw/dataset-resized/cardboard/cardboard219.jpg,cardboard,paper_cardboard,1,133,train
data/raw/dataset-resized/cardboard/cardboard22.jpg,cardboard,paper_cardboard,1,134,val
data/raw/dataset-resized/cardboard/cardboard220.jpg,cardboard,paper_cardboard,1,135,train
data/raw/dataset-resized/cardboard/cardboard221.jpg,cardboard,paper_cardboard,1,1177,train
data/raw/dataset-resized/cardboard/cardboard222.jpg,cardboard,paper_cardboard,1,137,train
data/raw/dataset-resized/cardboard/cardboard223.jpg,cardboard,paper_cardboard,1,138,train
data/raw/dataset-resized/cardboard/cardboard224.jpg,cardboard,paper_cardboard,1,139,val
data/raw/dataset-resized/cardboard/cardboard225.jpg,cardboard,paper_cardboard,1,140,train
data/raw/dataset-resized/cardboard/cardboard226.jpg,cardboard,paper_cardboard,1,141,train
data/raw/dataset-resized/cardboard/cardboard227.jpg,cardboard,paper_cardboard,1,142,train
data/raw/dataset-resized/cardboard/cardboard228.jpg,cardboard,paper_cardboard,1,143,train
data/raw/dataset-resized/cardboard/cardboard229.jpg,cardboard,paper_cardboard,1,144,train
data/raw/dataset-resized/cardboard/cardboard23.jpg,cardboard,paper_cardboard,1,145,val
data/raw/dataset-resized/cardboard/cardboard230.jpg,cardboard,paper_cardboard,1,146,test
data/raw/dataset-resized/cardboard/cardboard231.jpg,cardboard,paper_cardboard,1,147,val
data/raw/dataset-resized/cardboard/cardboard232.jpg,cardboard,paper_cardboard,1,148,train
data/raw/dataset-resized/cardboard/cardboard233.jpg,cardboard,paper_cardboard,1,149,train
data/raw/dataset-resized/cardboard/cardboard234.jpg,cardboard,paper_cardboard,1,150,test
data/raw/dataset-resized/cardboard/cardboard235.jpg,cardboard,paper_cardboard,1,1177,train
data/raw/dataset-resized/cardboard/cardboard236.jpg,cardboard,paper_cardboard,1,152,train
data/raw/dataset-resized/cardboard/cardboard237.jpg,cardboard,paper_cardboard,1,153,train
data/raw/dataset-resized/cardboard/cardboard238.jpg,cardboard,paper_cardboard,1,154,train
data/raw/dataset-resized/cardboard/cardboard239.jpg,cardboard,paper_cardboard,1,155,train
data/raw/dataset-resized/cardboard/cardboard24.jpg,cardboard,paper_cardboard,1,156,train
data/raw/dataset-resized/cardboard/cardboard240.jpg,cardboard,paper_cardboard,1,157,train
data/raw/dataset-resized/cardboard/cardboard241.jpg,cardboard,paper_cardboard,1,158,train
data/raw/dataset-resized/cardboard/cardboard242.jpg,cardboard,paper_cardboard,1,159,train
data/raw/dataset-resized/cardboard/cardboard243.jpg,cardboard,paper_cardboard,1,160,train
data/raw/dataset-resized/cardboard/cardboard244.jpg,cardboard,paper_cardboard,1,161,val
data/raw/dataset-resized/cardboard/cardboard245.jpg,cardboard,paper_cardboard,1,162,train
data/raw/dataset-resized/cardboard/cardboard246.jpg,cardboard,paper_cardboard,1,163,train
data/raw/dataset-resized/cardboard/cardboard247.jpg,cardboard,paper_cardboard,1,164,test
data/raw/dataset-resized/cardboard/cardboard248.jpg,cardboard,paper_cardboard,1,165,train
data/raw/dataset-resized/cardboard/cardboard249.jpg,cardboard,paper_cardboard,1,1177,train
data/raw/dataset-resized/cardboard/cardboard25.jpg,cardboard,paper_cardboard,1,167,val
data/raw/dataset-resized/cardboard/cardboard250.jpg,cardboard,paper_cardboard,1,168,train
data/raw/dataset-resized/cardboard/cardboard251.jpg,cardboard,paper_cardboard,1,169,test
data/raw/dataset-resized/cardboard/cardboard252.jpg,cardboard,paper_cardboard,1,170,train
data/raw/dataset-resized/cardboard/cardboard253.jpg,cardboard,paper_cardboard,1,171,val
data/raw/dataset-resized/cardboard/cardboard254.jpg,cardboard,paper_cardboard,1,172,test
data/raw/dataset-resized/cardboard/cardboard255.jpg,cardboard,paper_cardboard,1,173,test
data/raw/dataset-resized/cardboard/cardboard256.jpg,cardboard,paper_cardboard,1,1177,train
data/raw/dataset-resized/cardboard/cardboard257.jpg,cardboard,paper_cardboard,1,175,train
data/raw/dataset-resized/cardboard/cardboard258.jpg,cardboard,paper_cardboard,1,176,val
data/raw/dataset-resized/cardboard/cardboard259.jpg,cardboard,paper_cardboard,1,177,train
data/raw/dataset-resized/cardboard/cardboard26.jpg,cardboard,paper_cardboard,1,178,train
data/raw/dataset-resized/cardboard/cardboard260.jpg,cardboard,paper_cardboard,1,179,train
data/raw/dataset-resized/cardboard/cardboard261.jpg,cardboard,paper_cardboard,1,180,train
data/raw/dataset-resized/cardboard/cardboard262.jpg,cardboard,paper_cardboard,1,181,train
data/raw/dataset-resized/cardboard/cardboard263.jpg,cardboard,paper_cardboard,1,182,test
data/raw/dataset-resized/cardboard/cardboard264.jpg,cardboard,paper_cardboard,1,183,train
data/raw/dataset-resized/cardboard/cardboard265.jpg,cardboard,paper_cardboard,1,184,train
data/raw/dataset-resized/cardboard/cardboard266.jpg,cardboard,paper_cardboard,1,185,train
data/raw/dataset-resized/cardboard/cardboard267.jpg,cardboard,paper_cardboard,1,186,train
data/raw/dataset-resized/cardboard/cardboard268.jpg,cardboard,paper_cardboard,1,187,train
data/raw/dataset-resized/cardboard/cardboard269.jpg,cardboard,paper_cardboard,1,188,train
data/raw/dataset-resized/cardboard/cardboard27.jpg,cardboard,paper_cardboard,1,189,val
data/raw/dataset-resized/cardboard/cardboard270.jpg,cardboard,paper_cardboard,1,190,train
data/raw/dataset-resized/cardboard/cardboard271.jpg,cardboard,paper_cardboard,1,191,train
data/raw/dataset-resized/cardboard/cardboard272.jpg,cardboard,paper_cardboard,1,192,train
data/raw/dataset-resized/cardboard/cardboard273.jpg,cardboard,paper_cardboard,1,193,train
data/raw/dataset-resized/cardboard/cardboard274.jpg,cardboard,paper_cardboard,1,194,val
data/raw/dataset-resized/cardboard/cardboard275.jpg,cardboard,paper_cardboard,1,195,train
data/raw/dataset-resized/cardboard/cardboard276.jpg,cardboard,paper_cardboard,1,1177,train
data/raw/dataset-resized/cardboard/cardboard277.jpg,cardboard,paper_cardboard,1,197,train
data/raw/dataset-resized/cardboard/cardboard278.jpg,cardboard,paper_cardboard,1,198,train
data/raw/dataset-resized/cardboard/cardboard279.jpg,cardboard,paper_cardboard,1,199,train
data/raw/dataset-resized/cardboard/cardboard28.jpg,cardboard,paper_cardboard,1,200,train
data/raw/dataset-resized/cardboard/cardboard280.jpg,cardboard,paper_cardboard,1,201,train
data/raw/dataset-resized/cardboard/cardboard281.jpg,cardboard,paper_cardboard,1,202,val
data/raw/dataset-resized/cardboard/cardboard282.jpg,cardboard,paper_cardboard,1,203,train
data/raw/dataset-resized/cardboard/cardboard283.jpg,cardboard,paper_cardboard,1,204,test
data/raw/dataset-resized/cardboard/cardboard284.jpg,cardboard,paper_cardboard,1,205,train
data/raw/dataset-resized/cardboard/cardboard285.jpg,cardboard,paper_cardboard,1,206,train
data/raw/dataset-resized/cardboard/cardboard286.jpg,cardboard,paper_cardboard,1,207,train
data/raw/dataset-resized/cardboard/cardboard287.jpg,cardboard,paper_cardboard,1,208,train
data/raw/dataset-resized/cardboard/cardboard288.jpg,cardboard,paper_cardboard,1,209,train
data/raw/dataset-resized/cardboard/cardboard289.jpg,cardboard,paper_cardboard,1,210,train
data/raw/dataset-resized/cardboard/cardboard29.jpg,cardboard,paper_cardboard,1,211,test
data/raw/dataset-resized/cardboard/cardboard290.jpg,cardboard,paper_cardboard,1,212,train
data/raw/dataset-resized/cardboard/cardboard291.jpg,cardboard,paper_cardboard,1,213,val
data/raw/dataset-resized/cardboard/cardboard292.jpg,cardboard,paper_cardboard,1,214,train
data/raw/dataset-resized/cardboard/cardboard293.jpg,cardboard,paper_cardboard,1,215,train
data/raw/dataset-resized/cardboard/cardboard294.jpg,cardboard,paper_cardboard,1,216,train
data/raw/dataset-resized/cardboard/cardboard295.jpg,cardboard,paper_cardboard,1,217,train
data/raw/dataset-resized/cardboard/cardboard296.jpg,cardboard,paper_cardboard,1,218,train
data/raw/dataset-resized/cardboard/cardboard297.jpg,cardboard,paper_cardboard,1,219,train
data/raw/dataset-resized/cardboard/cardboard298.jpg,cardboard,paper_cardboard,1,220,train
data/raw/dataset-resized/cardboard/cardboard299.jpg,cardboard,paper_cardboard,1,221,train
data/raw/dataset-resized/cardboard/cardboard3.jpg,cardboard,paper_cardboard,1,222,test
data/raw/dataset-resized/cardboard/cardboard30.jpg,cardboard,paper_cardboard,1,223,train
data/raw/dataset-resized/cardboard/cardboard300.jpg,cardboard,paper_cardboard,1,224,test
data/raw/dataset-resized/cardboard/cardboard301.jpg,cardboard,paper_cardboard,1,225,test
data/raw/dataset-resized/cardboard/cardboard302.jpg,cardboard,paper_cardboard,1,226,train
data/raw/dataset-resized/cardboard/cardboard303.jpg,cardboard,paper_cardboard,1,227,val
data/raw/dataset-resized/cardboard/cardboard304.jpg,cardboard,paper_cardboard,1,228,test
data/raw/dataset-resized/cardboard/cardboard305.jpg,cardboard,paper_cardboard,1,229,train
data/raw/dataset-resized/cardboard/cardboard306.jpg,cardboard,paper_cardboard,1,230,train
data/raw/dataset-resized/cardboard/cardboard307.jpg,cardboard,paper_cardboard,1,231,test
data/raw/dataset-resized/cardboard/cardboard308.jpg,cardboard,paper_cardboard,1,232,test
data/raw/dataset-resized/cardboard/cardboard309.jpg,cardboard,paper_cardboard,1,233,test
data/raw/dataset-resized/cardboard/cardboard31.jpg,cardboard,paper_cardboard,1,234,train
data/raw/dataset-resized/cardboard/cardboard310.jpg,cardboard,paper_cardboard,1,235,train
data/raw/dataset-resized/cardboard/cardboard311.jpg,cardboard,paper_cardboard,1,1177,train
data/raw/dataset-resized/cardboard/cardboard312.jpg,cardboard,paper_cardboard,1,237,test
data/raw/dataset-resized/cardboard/cardboard313.jpg,cardboard,paper_cardboard,1,238,train
data/raw/dataset-resized/cardboard/cardboard314.jpg,cardboard,paper_cardboard,1,239,val
data/raw/dataset-resized/cardboard/cardboard315.jpg,cardboard,paper_cardboard,1,240,train
data/raw/dataset-resized/cardboard/cardboard316.jpg,cardboard,paper_cardboard,1,241,train
data/raw/dataset-resized/cardboard/cardboard317.jpg,cardboard,paper_cardboard,1,242,test
data/raw/dataset-resized/cardboard/cardboard318.jpg,cardboard,paper_cardboard,1,243,test
data/raw/dataset-resized/cardboard/cardboard319.jpg,cardboard,paper_cardboard,1,244,val
data/raw/dataset-resized/cardboard/cardboard32.jpg,cardboard,paper_cardboard,1,245,train
data/raw/dataset-resized/cardboard/cardboard320.jpg,cardboard,paper_cardboard,1,246,train
data/raw/dataset-resized/cardboard/cardboard321.jpg,cardboard,paper_cardboard,1,247,test
data/raw/dataset-resized/cardboard/cardboard322.jpg,cardboard,paper_cardboard,1,248,train
data/raw/dataset-resized/cardboard/cardboard323.jpg,cardboard,paper_cardboard,1,249,train
data/raw/dataset-resized/cardboard/cardboard324.jpg,cardboard,paper_cardboard,1,250,train
data/raw/dataset-resized/cardboard/cardboard325.jpg,cardboard,paper_cardboard,1,35,train
data/raw/dataset-resized/cardboard/cardboard326.jpg,cardboard,paper_cardboard,1,252,train
data/raw/dataset-resized/cardboard/cardboard327.jpg,cardboard,paper_cardboard,1,253,val
data/raw/dataset-resized/cardboard/cardboard328.jpg,cardboard,paper_cardboard,1,254,train
data/raw/dataset-resized/cardboard/cardboard329.jpg,cardboard,paper_cardboard,1,255,val
data/raw/dataset-resized/cardboard/cardboard33.jpg,cardboard,paper_cardboard,1,256,val
data/raw/dataset-resized/cardboard/cardboard330.jpg,cardboard,paper_cardboard,1,257,train
data/raw/dataset-resized/cardboard/cardboard331.jpg,cardboard,paper_cardboard,1,258,val
data/raw/dataset-resized/cardboard/cardboard332.jpg,cardboard,paper_cardboard,1,259,train
data/raw/dataset-resized/cardboard/cardboard333.jpg,cardboard,paper_cardboard,1,260,test
data/raw/dataset-resized/cardboard/cardboard334.jpg,cardboard,paper_cardboard,1,261,train
data/raw/dataset-resized/cardboard/cardboard335.jpg,cardboard,paper_cardboard,1,262,test
data/raw/dataset-resized/cardboard/cardboard336.jpg,cardboard,paper_cardboard,1,263,val
data/raw/dataset-resized/cardboard/cardboard337.jpg,cardboard,paper_cardboard,1,264,val
data/raw/dataset-resized/cardboard/cardboard338.jpg,cardboard,paper_cardboard,1,265,train
data/raw/dataset-resized/cardboard/cardboard339.jpg,cardboard,paper_cardboard,1,266,train
data/raw/dataset-resized/cardboard/cardboard34.jpg,cardboard,paper_cardboard,1,267,val
data/raw/dataset-resized/cardboard/cardboard340.jpg,cardboard,paper_cardboard,1,268,train
data/raw/dataset-resized/cardboard/cardboard341.jpg,cardboard,paper_cardboard,1,269,train
data/raw/dataset-resized/cardboard/cardboard342.jpg,cardboard,paper_cardboard,1,270,train
data/raw/dataset-resized/cardboard/cardboard343.jpg,cardboard,paper_cardboard,1,271,train
data/raw/dataset-resized/cardboard/cardboard344.jpg,cardboard,paper_cardboard,1,272,train
data/raw/dataset-resized/cardboard/cardboard345.jpg,cardboard,paper_cardboard,1,273,train
data/raw/dataset-resized/cardboard/cardboard346.jpg,cardboard,paper_cardboard,1,1177,train
data/raw/dataset-resized/cardboard/cardboard347.jpg,cardboard,paper_cardboard,1,275,train
data/raw/dataset-resized/cardboard/cardboard348.jpg,cardboard,paper_cardboard,1,276,train
data/raw/dataset-resized/cardboard/cardboard349.jpg,cardboard,paper_cardboard,1,277,train
data/raw/dataset-resized/cardboard/cardboard35.jpg,cardboard,paper_cardboard,1,278,train
data/raw/dataset-resized/cardboard/cardboard350.jpg,cardboard,paper_cardboard,1,279,train
data/raw/dataset-resized/cardboard/cardboard351.jpg,cardboard,paper_cardboard,1,267,val
data/raw/dataset-resized/cardboard/cardboard352.jpg,cardboard,paper_cardboard,1,281,test
data/raw/dataset-resized/cardboard/cardboard353.jpg,cardboard,paper_cardboard,1,282,test
data/raw/dataset-resized/cardboard/cardboard354.jpg,cardboard,paper_cardboard,1,1177,train
data/raw/dataset-resized/cardboard/cardboard355.jpg,cardboard,paper_cardboard,1,0,val
data/raw/dataset-resized/cardboard/cardboard356.jpg,cardboard,paper_cardboard,1,285,test
data/raw/dataset-resized/cardboard/cardboard357.jpg,cardboard,paper_cardboard,1,286,train
data/raw/dataset-resized/cardboard/cardboard358.jpg,cardboard,paper_cardboard,1,287,test
data/raw/dataset-resized/cardboard/cardboard359.jpg,cardboard,paper_cardboard,1,288,test
data/raw/dataset-resized/cardboard/cardboard36.jpg,cardboard,paper_cardboard,1,289,train
data/raw/dataset-resized/cardboard/cardboard360.jpg,cardboard,paper_cardboard,1,290,test
data/raw/dataset-resized/cardboard/cardboard361.jpg,cardboard,paper_cardboard,1,56,val
data/raw/dataset-resized/cardboard/cardboard362.jpg,cardboard,paper_cardboard,1,292,train
data/raw/dataset-resized/cardboard/cardboard363.jpg,cardboard,paper_cardboard,1,293,train
data/raw/dataset-resized/cardboard/cardboard364.jpg,cardboard,paper_cardboard,1,294,train
data/raw/dataset-resized/cardboard/cardboard365.jpg,cardboard,paper_cardboard,1,295,train
data/raw/dataset-resized/cardboard/cardboard366.jpg,cardboard,paper_cardboard,1,296,test
data/raw/dataset-resized/cardboard/cardboard367.jpg,cardboard,paper_cardboard,1,297,train
data/raw/dataset-resized/cardboard/cardboard368.jpg,cardboard,paper_cardboard,1,298,train
data/raw/dataset-resized/cardboard/cardboard369.jpg,cardboard,paper_cardboard,1,299,test
data/raw/dataset-resized/cardboard/cardboard37.jpg,cardboard,paper_cardboard,1,300,val
data/raw/dataset-resized/cardboard/cardboard370.jpg,cardboard,paper_cardboard,1,301,train
data/raw/dataset-resized/cardboard/cardboard371.jpg,cardboard,paper_cardboard,1,302,train
data/raw/dataset-resized/cardboard/cardboard372.jpg,cardboard,paper_cardboard,1,303,train
data/raw/dataset-resized/cardboard/cardboard373.jpg,cardboard,paper_cardboard,1,304,train
data/raw/dataset-resized/cardboard/cardboard374.jpg,cardboard,paper_cardboard,1,305,train
data/raw/dataset-resized/cardboard/cardboard375.jpg,cardboard,paper_cardboard,1,306,train
data/raw/dataset-resized/cardboard/cardboard376.jpg,cardboard,paper_cardboard,1,307,train
data/raw/dataset-resized/cardboard/cardboard377.jpg,cardboard,paper_cardboard,1,308,train
data/raw/dataset-resized/cardboard/cardboard378.jpg,cardboard,paper_cardboard,1,309,train
data/raw/dataset-resized/cardboard/cardboard379.jpg,cardboard,paper_cardboard,1,310,train
data/raw/dataset-resized/cardboard/cardboard38.jpg,cardboard,paper_cardboard,1,311,test
data/raw/dataset-resized/cardboard/cardboard380.jpg,cardboard,paper_cardboard,1,312,train
data/raw/dataset-resized/cardboard/cardboard381.jpg,cardboard,paper_cardboard,1,313,train
data/raw/dataset-resized/cardboard/cardboard382.jpg,cardboard,paper_cardboard,1,314,train
data/raw/dataset-resized/cardboard/cardboard383.jpg,cardboard,paper_cardboard,1,315,test
data/raw/dataset-resized/cardboard/cardboard384.jpg,cardboard,paper_cardboard,1,316,train
data/raw/dataset-resized/cardboard/cardboard385.jpg,cardboard,paper_cardboard,1,317,train
data/raw/dataset-resized/cardboard/cardboard386.jpg,cardboard,paper_cardboard,1,318,train
data/raw/dataset-resized/cardboard/cardboard387.jpg,cardboard,paper_cardboard,1,1177,train
data/raw/dataset-resized/cardboard/cardboard388.jpg,cardboard,paper_cardboard,1,320,train
data/raw/dataset-resized/cardboard/cardboard389.jpg,cardboard,paper_cardboard,1,321,val
data/raw/dataset-resized/cardboard/cardboard39.jpg,cardboard,paper_cardboard,1,322,train
data/raw/dataset-resized/cardboard/cardboard390.jpg,cardboard,paper_cardboard,1,323,train
data/raw/dataset-resized/cardboard/cardboard391.jpg,cardboard,paper_cardboard,1,324,train
data/raw/dataset-resized/cardboard/cardboard392.jpg,cardboard,paper_cardboard,1,325,train
data/raw/dataset-resized/cardboard/cardboard393.jpg,cardboard,paper_cardboard,1,326,train
data/raw/dataset-resized/cardboard/cardboard394.jpg,cardboard,paper_cardboard,1,327,train
data/raw/dataset-resized/cardboard/cardboard395.jpg,cardboard,paper_cardboard,1,328,train
data/raw/dataset-resized/cardboard/cardboard396.jpg,cardboard,paper_cardboard,1,329,train
data/raw/dataset-resized/cardboard/cardboard397.jpg,cardboard,paper_cardboard,1,330,val
data/raw/dataset-resized/cardboard/cardboard398.jpg,cardboard,paper_cardboard,1,331,train
data/raw/dataset-resized/cardboard/cardboard399.jpg,cardboard,paper_cardboard,1,332,train
data/raw/dataset-resized/cardboard/cardboard4.jpg,cardboard,paper_cardboard,1,333,train
data/raw/dataset-resized/cardboard/cardboard40.jpg,cardboard,paper_cardboard,1,334,train
data/raw/dataset-resized/cardboard/cardboard400.jpg,cardboard,paper_cardboard,1,335,val
data/raw/dataset-resized/cardboard/cardboard401.jpg,cardboard,paper_cardboard,1,336,train
data/raw/dataset-resized/cardboard/cardboard402.jpg,cardboard,paper_cardboard,1,337,train
data/raw/dataset-resized/cardboard/cardboard403.jpg,cardboard,paper_cardboard,1,338,test
data/raw/dataset-resized/cardboard/cardboard41.jpg,cardboard,paper_cardboard,1,339,test
data/raw/dataset-resized/cardboard/cardboard42.jpg,cardboard,paper_cardboard,1,340,train
data/raw/dataset-resized/cardboard/cardboard43.jpg,cardboard,paper_cardboard,1,341,train
data/raw/dataset-resized/cardboard/cardboard44.jpg,cardboard,paper_cardboard,1,342,train
data/raw/dataset-resized/cardboard/cardboard45.jpg,cardboard,paper_cardboard,1,343,train
data/raw/dataset-resized/cardboard/cardboard46.jpg,cardboard,paper_cardboard,1,344,train
data/raw/dataset-resized/cardboard/cardboard47.jpg,cardboard,paper_cardboard,1,345,train
data/raw/dataset-resized/cardboard/cardboard48.jpg,cardboard,paper_cardboard,1,346,train
data/raw/dataset-resized/cardboard/cardboard49.jpg,cardboard,paper_cardboard,1,347,val
data/raw/dataset-resized/cardboard/cardboard5.jpg,cardboard,paper_cardboard,1,348,test
data/raw/dataset-resized/cardboard/cardboard50.jpg,cardboard,paper_cardboard,1,349,train
data/raw/dataset-resized/cardboard/cardboard51.jpg,cardboard,paper_cardboard,1,350,train
data/raw/dataset-resized/cardboard/cardboard52.jpg,cardboard,paper_cardboard,1,351,train
data/raw/dataset-resized/cardboard/cardboard53.jpg,cardboard,paper_cardboard,1,352,train
data/raw/dataset-resized/cardboard/cardboard54.jpg,cardboard,paper_cardboard,1,353,train
data/raw/dataset-resized/cardboard/cardboard55.jpg,cardboard,paper_cardboard,1,354,val
data/raw/dataset-resized/cardboard/cardboard56.jpg,cardboard,paper_cardboard,1,355,train
data/raw/dataset-resized/cardboard/cardboard57.jpg,cardboard,paper_cardboard,1,356,train
data/raw/dataset-resized/cardboard/cardboard58.jpg,cardboard,paper_cardboard,1,357,train
data/raw/dataset-resized/cardboard/cardboard59.jpg,cardboard,paper_cardboard,1,358,train
data/raw/dataset-resized/cardboard/cardboard6.jpg,cardboard,paper_cardboard,1,359,train
data/raw/dataset-resized/cardboard/cardboard60.jpg,cardboard,paper_cardboard,1,360,test
data/raw/dataset-resized/cardboard/cardboard61.jpg,cardboard,paper_cardboard,1,361,train
data/raw/dataset-resized/cardboard/cardboard62.jpg,cardboard,paper_cardboard,1,362,val
data/raw/dataset-resized/cardboard/cardboard63.jpg,cardboard,paper_cardboard,1,363,val
data/raw/dataset-resized/cardboard/cardboard64.jpg,cardboard,paper_cardboard,1,364,test
data/raw/dataset-resized/cardboard/cardboard65.jpg,cardboard,paper_cardboard,1,365,train
data/raw/dataset-resized/cardboard/cardboard66.jpg,cardboard,paper_cardboard,1,366,train
data/raw/dataset-resized/cardboard/cardboard67.jpg,cardboard,paper_cardboard,1,367,train
data/raw/dataset-resized/cardboard/cardboard68.jpg,cardboard,paper_cardboard,1,368,test
data/raw/dataset-resized/cardboard/cardboard69.jpg,cardboard,paper_cardboard,1,369,train
data/raw/dataset-resized/cardboard/cardboard7.jpg,cardboard,paper_cardboard,1,370,train
data/raw/dataset-resized/cardboard/cardboard70.jpg,cardboard,paper_cardboard,1,371,train
data/raw/dataset-resized/cardboard/cardboard71.jpg,cardboard,paper_cardboard,1,372,train
data/raw/dataset-resized/cardboard/cardboard72.jpg,cardboard,paper_cardboard,1,318,train
data/raw/dataset-resized/cardboard/cardboard73.jpg,cardboard,paper_cardboard,1,374,train
data/raw/dataset-resized/cardboard/cardboard74.jpg,cardboard,paper_cardboard,1,375,train
data/raw/dataset-resized/cardboard/cardboard75.jpg,cardboard,paper_cardboard,1,1177,train
data/raw/dataset-resized/cardboard/cardboard76.jpg,cardboard,paper_cardboard,1,377,train
data/raw/dataset-resized/cardboard/cardboard77.jpg,cardboard,paper_cardboard,1,378,train
data/raw/dataset-resized/cardboard/cardboard78.jpg,cardboard,paper_cardboard,1,379,train
data/raw/dataset-resized/cardboard/cardboard79.jpg,cardboard,paper_cardboard,1,380,val
data/raw/dataset-resized/cardboard/cardboard8.jpg,cardboard,paper_cardboard,1,381,test
data/raw/dataset-resized/cardboard/cardboard80.jpg,cardboard,paper_cardboard,1,382,train
data/raw/dataset-resized/cardboard/cardboard81.jpg,cardboard,paper_cardboard,1,383,train
data/raw/dataset-resized/cardboard/cardboard82.jpg,cardboard,paper_cardboard,1,384,train
data/raw/dataset-resized/cardboard/cardboard83.jpg,cardboard,paper_cardboard,1,1177,train
data/raw/dataset-resized/cardboard/cardboard84.jpg,cardboard,paper_cardboard,1,386,test
data/raw/dataset-resized/cardboard/cardboard85.jpg,cardboard,paper_cardboard,1,387,train
data/raw/dataset-resized/cardboard/cardboard86.jpg,cardboard,paper_cardboard,1,388,train
data/raw/dataset-resized/cardboard/cardboard87.jpg,cardboard,paper_cardboard,1,389,test
data/raw/dataset-resized/cardboard/cardboard88.jpg,cardboard,paper_cardboard,1,390,val
data/raw/dataset-resized/cardboard/cardboard89.jpg,cardboard,paper_cardboard,1,391,train
data/raw/dataset-resized/cardboard/cardboard9.jpg,cardboard,paper_cardboard,1,392,test
data/raw/dataset-resized/cardboard/cardboard90.jpg,cardboard,paper_cardboard,1,393,train
data/raw/dataset-resized/cardboard/cardboard91.jpg,cardboard,paper_cardboard,1,394,train
data/raw/dataset-resized/cardboard/cardboard92.jpg,cardboard,paper_cardboard,1,395,train
data/raw/dataset-resized/cardboard/cardboard93.jpg,cardboard,paper_cardboard,1,396,train
data/raw/dataset-resized/cardboard/cardboard94.jpg,cardboard,paper_cardboard,1,397,train
data/raw/dataset-resized/cardboard/cardboard95.jpg,cardboard,paper_cardboard,1,398,test
data/raw/dataset-resized/cardboard/cardboard96.jpg,cardboard,paper_cardboard,1,399,train
data/raw/dataset-resized/cardboard/cardboard97.jpg,cardboard,paper_cardboard,1,400,train
data/raw/dataset-resized/cardboard/cardboard98.jpg,cardboard,paper_cardboard,1,401,val
data/raw/dataset-resized/cardboard/cardboard99.jpg,cardboard,paper_cardboard,1,402,train
data/raw/dataset-resized/metal/metal1.jpg,metal,aluminum,2,403,train
data/raw/dataset-resized/metal/metal10.jpg,metal,aluminum,2,404,test
data/raw/dataset-resized/metal/metal100.jpg,metal,aluminum,2,405,train
data/raw/dataset-resized/metal/metal101.jpg,metal,aluminum,2,406,train
data/raw/dataset-resized/metal/metal102.jpg,metal,aluminum,2,407,train
data/raw/dataset-resized/metal/metal103.jpg,metal,aluminum,2,408,train
data/raw/dataset-resized/metal/metal104.jpg,metal,aluminum,2,409,train
data/raw/dataset-resized/metal/metal105.jpg,metal,aluminum,2,410,train
data/raw/dataset-resized/metal/metal106.jpg,metal,aluminum,2,411,train
data/raw/dataset-resized/metal/metal107.jpg,metal,aluminum,2,412,train
data/raw/dataset-resized/metal/metal108.jpg,metal,aluminum,2,413,val
data/raw/dataset-resized/metal/metal109.jpg,metal,aluminum,2,414,train
data/raw/dataset-resized/metal/metal11.jpg,metal,aluminum,2,415,train
data/raw/dataset-resized/metal/metal110.jpg,metal,aluminum,2,416,val
data/raw/dataset-resized/metal/metal111.jpg,metal,aluminum,2,417,train
data/raw/dataset-resized/metal/metal112.jpg,metal,aluminum,2,418,train
data/raw/dataset-resized/metal/metal113.jpg,metal,aluminum,2,419,test
data/raw/dataset-resized/metal/metal114.jpg,metal,aluminum,2,420,train
data/raw/dataset-resized/metal/metal115.jpg,metal,aluminum,2,421,train
data/raw/dataset-resized/metal/metal116.jpg,metal,aluminum,2,422,train
data/raw/dataset-resized/metal/metal117.jpg,metal,aluminum,2,423,val
data/raw/dataset-resized/metal/metal118.jpg,metal,aluminum,2,424,train
data/raw/dataset-resized/metal/metal119.jpg,metal,aluminum,2,425,train
data/raw/dataset-resized/metal/metal12.jpg,metal,aluminum,2,426,train
data/raw/dataset-resized/metal/metal120.jpg,metal,aluminum,2,427,train
data/raw/dataset-resized/metal/metal121.jpg,metal,aluminum,2,428,train
data/raw/dataset-resized/metal/metal122.jpg,metal,aluminum,2,429,test
data/raw/dataset-resized/metal/metal123.jpg,metal,aluminum,2,430,test
data/raw/dataset-resized/metal/metal124.jpg,metal,aluminum,2,431,train
data/raw/dataset-resized/metal/metal125.jpg,metal,aluminum,2,432,train
data/raw/dataset-resized/metal/metal126.jpg,metal,aluminum,2,433,test
data/raw/dataset-resized/metal/metal127.jpg,metal,aluminum,2,434,train
data/raw/dataset-resized/metal/metal128.jpg,metal,aluminum,2,435,train
data/raw/dataset-resized/metal/metal129.jpg,metal,aluminum,2,436,test
data/raw/dataset-resized/metal/metal13.jpg,metal,aluminum,2,437,train
data/raw/dataset-resized/metal/metal130.jpg,metal,aluminum,2,438,train
data/raw/dataset-resized/metal/metal131.jpg,metal,aluminum,2,439,val
data/raw/dataset-resized/metal/metal132.jpg,metal,aluminum,2,440,test
data/raw/dataset-resized/metal/metal133.jpg,metal,aluminum,2,441,test
data/raw/dataset-resized/metal/metal134.jpg,metal,aluminum,2,442,train
data/raw/dataset-resized/metal/metal135.jpg,metal,aluminum,2,443,train
data/raw/dataset-resized/metal/metal136.jpg,metal,aluminum,2,444,test
data/raw/dataset-resized/metal/metal137.jpg,metal,aluminum,2,445,train
data/raw/dataset-resized/metal/metal138.jpg,metal,aluminum,2,446,test
data/raw/dataset-resized/metal/metal139.jpg,metal,aluminum,2,447,train
data/raw/dataset-resized/metal/metal14.jpg,metal,aluminum,2,448,train
data/raw/dataset-resized/metal/metal140.jpg,metal,aluminum,2,449,val
data/raw/dataset-resized/metal/metal141.jpg,metal,aluminum,2,450,train
data/raw/dataset-resized/metal/metal142.jpg,metal,aluminum,2,451,train
data/raw/dataset-resized/metal/metal143.jpg,metal,aluminum,2,452,train
data/raw/dataset-resized/metal/metal144.jpg,metal,aluminum,2,453,test
data/raw/dataset-resized/metal/metal145.jpg,metal,aluminum,2,454,train
data/raw/dataset-resized/metal/metal146.jpg,metal,aluminum,2,455,train
data/raw/dataset-resized/metal/metal147.jpg,metal,aluminum,2,456,train
data/raw/dataset-resized/metal/metal148.jpg,metal,aluminum,2,457,train
data/raw/dataset-resized/metal/metal149.jpg,metal,aluminum,2,458,train
data/raw/dataset-resized/metal/metal15.jpg,metal,aluminum,2,459,train
data/raw/dataset-resized/metal/metal150.jpg,metal,aluminum,2,460,train
data/raw/dataset-resized/metal/metal151.jpg,metal,aluminum,2,461,test
data/raw/dataset-resized/metal/metal152.jpg,metal,aluminum,2,462,train
data/raw/dataset-resized/metal/metal153.jpg,metal,aluminum,2,463,test
data/raw/dataset-resized/metal/metal154.jpg,metal,aluminum,2,464,train
data/raw/dataset-resized/metal/metal155.jpg,metal,aluminum,2,465,train
data/raw/dataset-resized/metal/metal156.jpg,metal,aluminum,2,466,val
data/raw/dataset-resized/metal/metal157.jpg,metal,aluminum,2,467,train
data/raw/dataset-resized/metal/metal158.jpg,metal,aluminum,2,468,train
data/raw/dataset-resized/metal/metal159.jpg,metal,aluminum,2,469,train
data/raw/dataset-resized/metal/metal16.jpg,metal,aluminum,2,470,train
data/raw/dataset-resized/metal/metal160.jpg,metal,aluminum,2,471,train
data/raw/dataset-resized/metal/metal161.jpg,metal,aluminum,2,472,train
data/raw/dataset-resized/metal/metal162.jpg,metal,aluminum,2,473,train
data/raw/dataset-resized/metal/metal163.jpg,metal,aluminum,2,474,train
data/raw/dataset-resized/metal/metal164.jpg,metal,aluminum,2,475,val
data/raw/dataset-resized/metal/metal165.jpg,metal,aluminum,2,476,train
data/raw/dataset-resized/metal/metal166.jpg,metal,aluminum,2,477,train
data/raw/dataset-resized/metal/metal167.jpg,metal,aluminum,2,478,train
data/raw/dataset-resized/metal/metal168.jpg,metal,aluminum,2,479,test
data/raw/dataset-resized/metal/metal169.jpg,metal,aluminum,2,480,test
data/raw/dataset-resized/metal/metal17.jpg,metal,aluminum,2,481,train
data/raw/dataset-resized/metal/metal170.jpg,metal,aluminum,2,482,train
data/raw/dataset-resized/metal/metal171.jpg,metal,aluminum,2,483,test
data/raw/dataset-resized/metal/metal172.jpg,metal,aluminum,2,484,train
data/raw/dataset-resized/metal/metal173.jpg,metal,aluminum,2,485,train
data/raw/dataset-resized/metal/metal174.jpg,metal,aluminum,2,486,train
data/raw/dataset-resized/metal/metal175.jpg,metal,aluminum,2,487,val
data/raw/dataset-resized/metal/metal176.jpg,metal,aluminum,2,488,train
data/raw/dataset-resized/metal/metal177.jpg,metal,aluminum,2,489,train
data/raw/dataset-resized/metal/metal178.jpg,metal,aluminum,2,490,train
data/raw/dataset-resized/metal/metal179.jpg,metal,aluminum,2,491,test
data/raw/dataset-resized/metal/metal18.jpg,metal,aluminum,2,492,val
data/raw/dataset-resized/metal/metal180.jpg,metal,aluminum,2,493,train
data/raw/dataset-resized/metal/metal181.jpg,metal,aluminum,2,494,train
data/raw/dataset-resized/metal/metal182.jpg,metal,aluminum,2,495,val
data/raw/dataset-resized/metal/metal183.jpg,metal,aluminum,2,496,train
data/raw/dataset-resized/metal/metal184.jpg,metal,aluminum,2,497,test
data/raw/dataset-resized/metal/metal185.jpg,metal,aluminum,2,498,train
data/raw/dataset-resized/metal/metal186.jpg,metal,aluminum,2,499,train
data/raw/dataset-resized/metal/metal187.jpg,metal,aluminum,2,500,train
data/raw/dataset-resized/metal/metal188.jpg,metal,aluminum,2,501,train
data/raw/dataset-resized/metal/metal189.jpg,metal,aluminum,2,502,train
data/raw/dataset-resized/metal/metal19.jpg,metal,aluminum,2,503,train
data/raw/dataset-resized/metal/metal190.jpg,metal,aluminum,2,504,val
data/raw/dataset-resized/metal/metal191.jpg,metal,aluminum,2,505,train
data/raw/dataset-resized/metal/metal192.jpg,metal,aluminum,2,506,train
data/raw/dataset-resized/metal/metal193.jpg,metal,aluminum,2,507,train
data/raw/dataset-resized/metal/metal194.jpg,metal,aluminum,2,508,train
data/raw/dataset-resized/metal/metal195.jpg,metal,aluminum,2,509,test
data/raw/dataset-resized/metal/metal196.jpg,metal,aluminum,2,510,train
data/raw/dataset-resized/metal/metal197.jpg,metal,aluminum,2,511,test
data/raw/dataset-resized/metal/metal198.jpg,metal,aluminum,2,512,train
data/raw/dataset-resized/metal/metal199.jpg,metal,aluminum,2,513,train
data/raw/dataset-resized/metal/metal2.jpg,metal,aluminum,2,514,train
data/raw/dataset-resized/metal/metal20.jpg,metal,aluminum,2,515,train
data/raw/dataset-resized/metal/metal200.jpg,metal,aluminum,2,516,train
data/raw/dataset-resized/metal/metal201.jpg,metal,aluminum,2,517,train
data/raw/dataset-resized/metal/metal202.jpg,metal,aluminum,2,518,test
data/raw/dataset-resized/metal/metal203.jpg,metal,aluminum,2,519,train
data/raw/dataset-resized/metal/metal204.jpg,metal,aluminum,2,520,val
data/raw/dataset-resized/metal/metal205.jpg,metal,aluminum,2,521,val
data/raw/dataset-resized/metal/metal206.jpg,metal,aluminum,2,522,val
data/raw/dataset-resized/metal/metal207.jpg,metal,aluminum,2,523,train
data/raw/dataset-resized/metal/metal208.jpg,metal,aluminum,2,524,train
data/raw/dataset-resized/metal/metal209.jpg,metal,aluminum,2,525,test
data/raw/dataset-resized/metal/metal21.jpg,metal,aluminum,2,526,train
data/raw/dataset-resized/metal/metal210.jpg,metal,aluminum,2,527,train
data/raw/dataset-resized/metal/metal211.jpg,metal,aluminum,2,528,train
data/raw/dataset-resized/metal/metal212.jpg,metal,aluminum,2,529,train
data/raw/dataset-resized/metal/metal213.jpg,metal,aluminum,2,530,test
data/raw/dataset-resized/metal/metal214.jpg,metal,aluminum,2,531,val
data/raw/dataset-resized/metal/metal215.jpg,metal,aluminum,2,532,test
data/raw/dataset-resized/metal/metal216.jpg,metal,aluminum,2,533,train
data/raw/dataset-resized/metal/metal217.jpg,metal,aluminum,2,534,train
data/raw/dataset-resized/metal/metal218.jpg,metal,aluminum,2,535,train
data/raw/dataset-resized/metal/metal219.jpg,metal,aluminum,2,536,train
data/raw/dataset-resized/metal/metal22.jpg,metal,aluminum,2,537,train
data/raw/dataset-resized/metal/metal220.jpg,metal,aluminum,2,538,test
data/raw/dataset-resized/metal/metal221.jpg,metal,aluminum,2,539,val
data/raw/dataset-resized/metal/metal222.jpg,metal,aluminum,2,540,val
data/raw/dataset-resized/metal/metal223.jpg,metal,aluminum,2,541,train
data/raw/dataset-resized/metal/metal224.jpg,metal,aluminum,2,542,val
data/raw/dataset-resized/metal/metal225.jpg,metal,aluminum,2,543,train
data/raw/dataset-resized/metal/metal226.jpg,metal,aluminum,2,544,train
data/raw/dataset-resized/metal/metal227.jpg,metal,aluminum,2,545,val
data/raw/dataset-resized/metal/metal228.jpg,metal,aluminum,2,546,train
data/raw/dataset-resized/metal/metal229.jpg,metal,aluminum,2,547,val
data/raw/dataset-resized/metal/metal23.jpg,metal,aluminum,2,548,train
data/raw/dataset-resized/metal/metal230.jpg,metal,aluminum,2,549,train
data/raw/dataset-resized/metal/metal231.jpg,metal,aluminum,2,550,val
data/raw/dataset-resized/metal/metal232.jpg,metal,aluminum,2,551,train
data/raw/dataset-resized/metal/metal233.jpg,metal,aluminum,2,552,test
data/raw/dataset-resized/metal/metal234.jpg,metal,aluminum,2,553,train
data/raw/dataset-resized/metal/metal235.jpg,metal,aluminum,2,554,train
data/raw/dataset-resized/metal/metal236.jpg,metal,aluminum,2,555,test
data/raw/dataset-resized/metal/metal237.jpg,metal,aluminum,2,556,train
data/raw/dataset-resized/metal/metal238.jpg,metal,aluminum,2,557,train
data/raw/dataset-resized/metal/metal239.jpg,metal,aluminum,2,558,test
data/raw/dataset-resized/metal/metal24.jpg,metal,aluminum,2,559,test
data/raw/dataset-resized/metal/metal240.jpg,metal,aluminum,2,560,val
data/raw/dataset-resized/metal/metal241.jpg,metal,aluminum,2,561,train
data/raw/dataset-resized/metal/metal242.jpg,metal,aluminum,2,562,train
data/raw/dataset-resized/metal/metal243.jpg,metal,aluminum,2,444,test
data/raw/dataset-resized/metal/metal244.jpg,metal,aluminum,2,564,train
data/raw/dataset-resized/metal/metal245.jpg,metal,aluminum,2,565,train
data/raw/dataset-resized/metal/metal246.jpg,metal,aluminum,2,566,train
data/raw/dataset-resized/metal/metal247.jpg,metal,aluminum,2,567,train
data/raw/dataset-resized/metal/metal248.jpg,metal,aluminum,2,568,train
data/raw/dataset-resized/metal/metal249.jpg,metal,aluminum,2,569,val
data/raw/dataset-resized/metal/metal25.jpg,metal,aluminum,2,570,train
data/raw/dataset-resized/metal/metal250.jpg,metal,aluminum,2,571,train
data/raw/dataset-resized/metal/metal251.jpg,metal,aluminum,2,572,train
data/raw/dataset-resized/metal/metal252.jpg,metal,aluminum,2,573,train
data/raw/dataset-resized/metal/metal253.jpg,metal,aluminum,2,574,train
data/raw/dataset-resized/metal/metal254.jpg,metal,aluminum,2,575,train
data/raw/dataset-resized/metal/metal255.jpg,metal,aluminum,2,576,train
data/raw/dataset-resized/metal/metal256.jpg,metal,aluminum,2,577,train
data/raw/dataset-resized/metal/metal257.jpg,metal,aluminum,2,578,test
data/raw/dataset-resized/metal/metal258.jpg,metal,aluminum,2,579,train
data/raw/dataset-resized/metal/metal259.jpg,metal,aluminum,2,580,train
data/raw/dataset-resized/metal/metal26.jpg,metal,aluminum,2,581,train
data/raw/dataset-resized/metal/metal260.jpg,metal,aluminum,2,582,val
data/raw/dataset-resized/metal/metal261.jpg,metal,aluminum,2,583,train
data/raw/dataset-resized/metal/metal262.jpg,metal,aluminum,2,584,train
data/raw/dataset-resized/metal/metal263.jpg,metal,aluminum,2,585,train
data/raw/dataset-resized/metal/metal264.jpg,metal,aluminum,2,586,train
data/raw/dataset-resized/metal/metal265.jpg,metal,aluminum,2,587,train
data/raw/dataset-resized/metal/metal266.jpg,metal,aluminum,2,588,train
data/raw/dataset-resized/metal/metal267.jpg,metal,aluminum,2,589,train
data/raw/dataset-resized/metal/metal268.jpg,metal,aluminum,2,590,train
data/raw/dataset-resized/metal/metal269.jpg,metal,aluminum,2,591,train
data/raw/dataset-resized/metal/metal27.jpg,metal,aluminum,2,592,train
data/raw/dataset-resized/metal/metal270.jpg,metal,aluminum,2,593,train
data/raw/dataset-resized/metal/metal271.jpg,metal,aluminum,2,594,train
data/raw/dataset-resized/metal/metal272.jpg,metal,aluminum,2,595,train
data/raw/dataset-resized/metal/metal273.jpg,metal,aluminum,2,596,train
data/raw/dataset-resized/metal/metal274.jpg,metal,aluminum,2,597,train
data/raw/dataset-resized/metal/metal275.jpg,metal,aluminum,2,598,test
data/raw/dataset-resized/metal/metal276.jpg,metal,aluminum,2,599,train
data/raw/dataset-resized/metal/metal277.jpg,metal,aluminum,2,600,train
data/raw/dataset-resized/metal/metal278.jpg,metal,aluminum,2,601,train
data/raw/dataset-resized/metal/metal279.jpg,metal,aluminum,2,602,train
data/raw/dataset-resized/metal/metal28.jpg,metal,aluminum,2,603,train
data/raw/dataset-resized/metal/metal280.jpg,metal,aluminum,2,604,train
data/raw/dataset-resized/metal/metal281.jpg,metal,aluminum,2,605,train
data/raw/dataset-resized/metal/metal282.jpg,metal,aluminum,2,606,train
data/raw/dataset-resized/metal/metal283.jpg,metal,aluminum,2,607,train
data/raw/dataset-resized/metal/metal284.jpg,metal,aluminum,2,595,train
data/raw/dataset-resized/metal/metal285.jpg,metal,aluminum,2,609,train
data/raw/dataset-resized/metal/metal286.jpg,metal,aluminum,2,610,test
data/raw/dataset-resized/metal/metal287.jpg,metal,aluminum,2,611,val
data/raw/dataset-resized/metal/metal288.jpg,metal,aluminum,2,612,train
data/raw/dataset-resized/metal/metal289.jpg,metal,aluminum,2,613,train
data/raw/dataset-resized/metal/metal29.jpg,metal,aluminum,2,614,test
data/raw/dataset-resized/metal/metal290.jpg,metal,aluminum,2,615,train
data/raw/dataset-resized/metal/metal291.jpg,metal,aluminum,2,616,train
data/raw/dataset-resized/metal/metal292.jpg,metal,aluminum,2,617,train
data/raw/dataset-resized/metal/metal293.jpg,metal,aluminum,2,618,test
data/raw/dataset-resized/metal/metal294.jpg,metal,aluminum,2,619,train
data/raw/dataset-resized/metal/metal295.jpg,metal,aluminum,2,620,train
data/raw/dataset-resized/metal/metal296.jpg,metal,aluminum,2,621,train
data/raw/dataset-resized/metal/metal297.jpg,metal,aluminum,2,622,val
data/raw/dataset-resized/metal/metal298.jpg,metal,aluminum,2,623,train
data/raw/dataset-resized/metal/metal299.jpg,metal,aluminum,2,624,test
data/raw/dataset-resized/metal/metal3.jpg,metal,aluminum,2,625,train
data/raw/dataset-resized/metal/metal30.jpg,metal,aluminum,2,626,val
data/raw/dataset-resized/metal/metal300.jpg,metal,aluminum,2,627,train
data/raw/dataset-resized/metal/metal301.jpg,metal,aluminum,2,628,val
data/raw/dataset-resized/metal/metal302.jpg,metal,aluminum,2,629,val
data/raw/dataset-resized/metal/metal303.jpg,metal,aluminum,2,630,test
data/raw/dataset-resized/metal/metal304.jpg,metal,aluminum,2,631,test
data/raw/dataset-resized/metal/metal305.jpg,metal,aluminum,2,632,train
data/raw/dataset-resized/metal/metal306.jpg,metal,aluminum,2,633,train
data/raw/dataset-resized/metal/metal307.jpg,metal,aluminum,2,634,train
data/raw/dataset-resized/metal/metal308.jpg,metal,aluminum,2,635,test
data/raw/dataset-resized/metal/metal309.jpg,metal,aluminum,2,636,train
data/raw/dataset-resized/metal/metal31.jpg,metal,aluminum,2,637,val
data/raw/dataset-resized/metal/metal310.jpg,metal,aluminum,2,638,train
data/raw/dataset-resized/metal/metal311.jpg,metal,aluminum,2,639,train
data/raw/dataset-resized/metal/metal312.jpg,metal,aluminum,2,640,train
data/raw/dataset-resized/metal/metal313.jpg,metal,aluminum,2,641,train
data/raw/dataset-resized/metal/metal314.jpg,metal,aluminum,2,642,train
data/raw/dataset-resized/metal/metal315.jpg,metal,aluminum,2,643,train
data/raw/dataset-resized/metal/metal316.jpg,metal,aluminum,2,644,val
data/raw/dataset-resized/metal/metal317.jpg,metal,aluminum,2,645,test
data/raw/dataset-resized/metal/metal318.jpg,metal,aluminum,2,646,train
data/raw/dataset-resized/metal/metal319.jpg,metal,aluminum,2,647,train
data/raw/dataset-resized/metal/metal32.jpg,metal,aluminum,2,648,train
data/raw/dataset-resized/metal/metal320.jpg,metal,aluminum,2,649,test
data/raw/dataset-resized/metal/metal321.jpg,metal,aluminum,2,650,train
data/raw/dataset-resized/metal/metal322.jpg,metal,aluminum,2,651,train
data/raw/dataset-resized/metal/metal323.jpg,metal,aluminum,2,652,train
data/raw/dataset-resized/metal/metal324.jpg,metal,aluminum,2,653,train
data/raw/dataset-resized/metal/metal325.jpg,metal,aluminum,2,654,train
data/raw/dataset-resized/metal/metal326.jpg,metal,aluminum,2,655,train
data/raw/dataset-resized/metal/metal327.jpg,metal,aluminum,2,656,test
data/raw/dataset-resized/metal/metal328.jpg,metal,aluminum,2,657,val
data/raw/dataset-resized/metal/metal329.jpg,metal,aluminum,2,658,train
data/raw/dataset-resized/metal/metal33.jpg,metal,aluminum,2,659,train
data/raw/dataset-resized/metal/metal330.jpg,metal,aluminum,2,660,train
data/raw/dataset-resized/metal/metal331.jpg,metal,aluminum,2,661,val
data/raw/dataset-resized/metal/metal332.jpg,metal,aluminum,2,662,train
data/raw/dataset-resized/metal/metal333.jpg,metal,aluminum,2,663,train
data/raw/dataset-resized/metal/metal334.jpg,metal,aluminum,2,664,train
data/raw/dataset-resized/metal/metal335.jpg,metal,aluminum,2,665,train
data/raw/dataset-resized/metal/metal336.jpg,metal,aluminum,2,666,train
data/raw/dataset-resized/metal/metal337.jpg,metal,aluminum,2,661,val
data/raw/dataset-resized/metal/metal338.jpg,metal,aluminum,2,668,train
data/raw/dataset-resized/metal/metal339.jpg,metal,aluminum,2,669,train
data/raw/dataset-resized/metal/metal34.jpg,metal,aluminum,2,670,train
data/raw/dataset-resized/metal/metal340.jpg,metal,aluminum,2,671,val
data/raw/dataset-resized/metal/metal341.jpg,metal,aluminum,2,672,train
data/raw/dataset-resized/metal/metal342.jpg,metal,aluminum,2,673,test
data/raw/dataset-resized/metal/metal343.jpg,metal,aluminum,2,674,train
data/raw/dataset-resized/metal/metal344.jpg,metal,aluminum,2,675,train
data/raw/dataset-resized/metal/metal345.jpg,metal,aluminum,2,676,train
data/raw/dataset-resized/metal/metal346.jpg,metal,aluminum,2,677,train
data/raw/dataset-resized/metal/metal347.jpg,metal,aluminum,2,678,train
data/raw/dataset-resized/metal/metal348.jpg,metal,aluminum,2,679,train
data/raw/dataset-resized/metal/metal349.jpg,metal,aluminum,2,680,train
data/raw/dataset-resized/metal/metal35.jpg,metal,aluminum,2,681,train
data/raw/dataset-resized/metal/metal350.jpg,metal,aluminum,2,682,val
data/raw/dataset-resized/metal/metal351.jpg,metal,aluminum,2,683,train
data/raw/dataset-resized/metal/metal352.jpg,metal,aluminum,2,684,val
data/raw/dataset-resized/metal/metal353.jpg,metal,aluminum,2,685,train
data/raw/dataset-resized/metal/metal354.jpg,metal,aluminum,2,686,train
data/raw/dataset-resized/metal/metal355.jpg,metal,aluminum,2,687,train
data/raw/dataset-resized/metal/metal356.jpg,metal,aluminum,2,688,test
data/raw/dataset-resized/metal/metal357.jpg,metal,aluminum,2,689,train
data/raw/dataset-resized/metal/metal358.jpg,metal,aluminum,2,690,train
data/raw/dataset-resized/metal/metal359.jpg,metal,aluminum,2,691,test
data/raw/dataset-resized/metal/metal36.jpg,metal,aluminum,2,692,train
data/raw/dataset-resized/metal/metal360.jpg,metal,aluminum,2,693,train
data/raw/dataset-resized/metal/metal361.jpg,metal,aluminum,2,694,test
data/raw/dataset-resized/metal/metal362.jpg,metal,aluminum,2,695,train
data/raw/dataset-resized/metal/metal363.jpg,metal,aluminum,2,696,train
data/raw/dataset-resized/metal/metal364.jpg,metal,aluminum,2,697,test
data/raw/dataset-resized/metal/metal365.jpg,metal,aluminum,2,698,train
data/raw/dataset-resized/metal/metal366.jpg,metal,aluminum,2,699,train
data/raw/dataset-resized/metal/metal367.jpg,metal,aluminum,2,700,val
data/raw/dataset-resized/metal/metal368.jpg,metal,aluminum,2,701,test
data/raw/dataset-resized/metal/metal369.jpg,metal,aluminum,2,702,train
data/raw/dataset-resized/metal/metal37.jpg,metal,aluminum,2,703,train
data/raw/dataset-resized/metal/metal370.jpg,metal,aluminum,2,704,train
data/raw/dataset-resized/metal/metal371.jpg,metal,aluminum,2,705,train
data/raw/dataset-resized/metal/metal372.jpg,metal,aluminum,2,706,val
data/raw/dataset-resized/metal/metal373.jpg,metal,aluminum,2,707,test
data/raw/dataset-resized/metal/metal374.jpg,metal,aluminum,2,708,train
data/raw/dataset-resized/metal/metal375.jpg,metal,aluminum,2,709,val
data/raw/dataset-resized/metal/metal376.jpg,metal,aluminum,2,710,test
data/raw/dataset-resized/metal/metal377.jpg,metal,aluminum,2,711,test
data/raw/dataset-resized/metal/metal378.jpg,metal,aluminum,2,712,val
data/raw/dataset-resized/metal/metal379.jpg,metal,aluminum,2,713,train
data/raw/dataset-resized/metal/metal38.jpg,metal,aluminum,2,714,val
data/raw/dataset-resized/metal/metal380.jpg,metal,aluminum,2,715,train
data/raw/dataset-resized/metal/metal381.jpg,metal,aluminum,2,716,test
data/raw/dataset-resized/metal/metal382.jpg,metal,aluminum,2,717,train
data/raw/dataset-resized/metal/metal383.jpg,metal,aluminum,2,718,test
data/raw/dataset-resized/metal/metal384.jpg,metal,aluminum,2,719,train
data/raw/dataset-resized/metal/metal385.jpg,metal,aluminum,2,720,train
data/raw/dataset-resized/metal/metal386.jpg,metal,aluminum,2,721,train
data/raw/dataset-resized/metal/metal387.jpg,metal,aluminum,2,722,test
data/raw/dataset-resized/metal/metal388.jpg,metal,aluminum,2,723,test
data/raw/dataset-resized/metal/metal389.jpg,metal,aluminum,2,724,train
data/raw/dataset-resized/metal/metal39.jpg,metal,aluminum,2,725,train
data/raw/dataset-resized/metal/metal390.jpg,metal,aluminum,2,726,test
data/raw/dataset-resized/metal/metal391.jpg,metal,aluminum,2,727,train
data/raw/dataset-resized/metal/metal392.jpg,metal,aluminum,2,728,test
data/raw/dataset-resized/metal/metal393.jpg,metal,aluminum,2,729,train
data/raw/dataset-resized/metal/metal394.jpg,metal,aluminum,2,730,train
data/raw/dataset-resized/metal/metal395.jpg,metal,aluminum,2,731,train
data/raw/dataset-resized/metal/metal396.jpg,metal,aluminum,2,732,train
data/raw/dataset-resized/metal/metal397.jpg,metal,aluminum,2,733,train
data/raw/dataset-resized/metal/metal398.jpg,metal,aluminum,2,734,train
data/raw/dataset-resized/metal/metal399.jpg,metal,aluminum,2,735,train
data/raw/dataset-resized/metal/metal4.jpg,metal,aluminum,2,736,train
data/raw/dataset-resized/metal/metal40.jpg,metal,aluminum,2,737,train
data/raw/dataset-resized/metal/metal400.jpg,metal,aluminum,2,738,train
data/raw/dataset-resized/metal/metal401.jpg,metal,aluminum,2,739,train
data/raw/dataset-resized/metal/metal402.jpg,metal,aluminum,2,740,train
data/raw/dataset-resized/metal/metal403.jpg,metal,aluminum,2,741,train
data/raw/dataset-resized/metal/metal404.jpg,metal,aluminum,2,742,val
data/raw/dataset-resized/metal/metal405.jpg,metal,aluminum,2,743,val
data/raw/dataset-resized/metal/metal406.jpg,metal,aluminum,2,744,test
data/raw/dataset-resized/metal/metal407.jpg,metal,aluminum,2,745,train
data/raw/dataset-resized/metal/metal408.jpg,metal,aluminum,2,746,val
data/raw/dataset-resized/metal/metal409.jpg,metal,aluminum,2,747,train
data/raw/dataset-resized/metal/metal41.jpg,metal,aluminum,2,748,train
data/raw/dataset-resized/metal/metal410.jpg,metal,aluminum,2,749,val
data/raw/dataset-resized/metal/metal42.jpg,metal,aluminum,2,750,train
data/raw/dataset-resized/metal/metal43.jpg,metal,aluminum,2,751,train
data/raw/dataset-resized/metal/metal44.jpg,metal,aluminum,2,752,train
data/raw/dataset-resized/metal/metal45.jpg,metal,aluminum,2,753,val
data/raw/dataset-resized/metal/metal46.jpg,metal,aluminum,2,754,val
data/raw/dataset-resized/metal/metal47.jpg,metal,aluminum,2,755,train
data/raw/dataset-resized/metal/metal48.jpg,metal,aluminum,2,756,val
data/raw/dataset-resized/metal/metal49.jpg,metal,aluminum,2,757,test
data/raw/dataset-resized/metal/metal5.jpg,metal,aluminum,2,758,train
data/raw/dataset-resized/metal/metal50.jpg,metal,aluminum,2,427,train
data/raw/dataset-resized/metal/metal51.jpg,metal,aluminum,2,760,train
data/raw/dataset-resized/metal/metal52.jpg,metal,aluminum,2,761,train
data/raw/dataset-resized/metal/metal53.jpg,metal,aluminum,2,762,train
data/raw/dataset-resized/metal/metal54.jpg,metal,aluminum,2,763,train
data/raw/dataset-resized/metal/metal55.jpg,metal,aluminum,2,764,test
data/raw/dataset-resized/metal/metal56.jpg,metal,aluminum,2,765,val
data/raw/dataset-resized/metal/metal57.jpg,metal,aluminum,2,766,train
data/raw/dataset-resized/metal/metal58.jpg,metal,aluminum,2,767,val
data/raw/dataset-resized/metal/metal59.jpg,metal,aluminum,2,768,train
data/raw/dataset-resized/metal/metal6.jpg,metal,aluminum,2,769,val
data/raw/dataset-resized/metal/metal60.jpg,metal,aluminum,2,770,train
data/raw/dataset-resized/metal/metal61.jpg,metal,aluminum,2,771,train
data/raw/dataset-resized/metal/metal62.jpg,metal,aluminum,2,772,train
data/raw/dataset-resized/metal/metal63.jpg,metal,aluminum,2,773,val
data/raw/dataset-resized/metal/metal64.jpg,metal,aluminum,2,774,train
data/raw/dataset-resized/metal/metal65.jpg,metal,aluminum,2,775,val
data/raw/dataset-resized/metal/metal66.jpg,metal,aluminum,2,776,train
data/raw/dataset-resized/metal/metal67.jpg,metal,aluminum,2,777,train
data/raw/dataset-resized/metal/metal68.jpg,metal,aluminum,2,778,val
data/raw/dataset-resized/metal/metal69.jpg,metal,aluminum,2,779,train
data/raw/dataset-resized/metal/metal7.jpg,metal,aluminum,2,780,val
data/raw/dataset-resized/metal/metal70.jpg,metal,aluminum,2,781,test
data/raw/dataset-resized/metal/metal71.jpg,metal,aluminum,2,782,train
data/raw/dataset-resized/metal/metal72.jpg,metal,aluminum,2,783,train
data/raw/dataset-resized/metal/metal73.jpg,metal,aluminum,2,784,val
data/raw/dataset-resized/metal/metal74.jpg,metal,aluminum,2,785,train
data/raw/dataset-resized/metal/metal75.jpg,metal,aluminum,2,786,train
data/raw/dataset-resized/metal/metal76.jpg,metal,aluminum,2,730,train
data/raw/dataset-resized/metal/metal77.jpg,metal,aluminum,2,788,train
data/raw/dataset-resized/metal/metal78.jpg,metal,aluminum,2,789,train
data/raw/dataset-resized/metal/metal79.jpg,metal,aluminum,2,790,train
data/raw/dataset-resized/metal/metal8.jpg,metal,aluminum,2,791,train
data/raw/dataset-resized/metal/metal80.jpg,metal,aluminum,2,792,train
data/raw/dataset-resized/metal/metal81.jpg,metal,aluminum,2,793,train
data/raw/dataset-resized/metal/metal82.jpg,metal,aluminum,2,794,val
data/raw/dataset-resized/metal/metal83.jpg,metal,aluminum,2,795,train
data/raw/dataset-resized/metal/metal84.jpg,metal,aluminum,2,796,val
data/raw/dataset-resized/metal/metal85.jpg,metal,aluminum,2,797,train
data/raw/dataset-resized/metal/metal86.jpg,metal,aluminum,2,798,train
data/raw/dataset-resized/metal/metal87.jpg,metal,aluminum,2,799,train
data/raw/dataset-resized/metal/metal88.jpg,metal,aluminum,2,800,train
data/raw/dataset-resized/metal/metal89.jpg,metal,aluminum,2,801,val
data/raw/dataset-resized/metal/metal9.jpg,metal,aluminum,2,802,train
data/raw/dataset-resized/metal/metal90.jpg,metal,aluminum,2,803,val
data/raw/dataset-resized/metal/metal91.jpg,metal,aluminum,2,804,train
data/raw/dataset-resized/metal/metal92.jpg,metal,aluminum,2,805,train
data/raw/dataset-resized/metal/metal93.jpg,metal,aluminum,2,806,val
data/raw/dataset-resized/metal/metal94.jpg,metal,aluminum,2,807,train
data/raw/dataset-resized/metal/metal95.jpg,metal,aluminum,2,808,train
data/raw/dataset-resized/metal/metal96.jpg,metal,aluminum,2,809,train
data/raw/dataset-resized/metal/metal97.jpg,metal,aluminum,2,810,train
data/raw/dataset-resized/metal/metal98.jpg,metal,aluminum,2,811,train
data/raw/dataset-resized/metal/metal99.jpg,metal,aluminum,2,812,train
data/raw/dataset-resized/paper/paper1.jpg,paper,paper_cardboard,1,813,train
data/raw/dataset-resized/paper/paper10.jpg,paper,paper_cardboard,1,814,train
data/raw/dataset-resized/paper/paper100.jpg,paper,paper_cardboard,1,815,train
data/raw/dataset-resized/paper/paper101.jpg,paper,paper_cardboard,1,816,test
data/raw/dataset-resized/paper/paper102.jpg,paper,paper_cardboard,1,817,test
data/raw/dataset-resized/paper/paper103.jpg,paper,paper_cardboard,1,818,test
data/raw/dataset-resized/paper/paper104.jpg,paper,paper_cardboard,1,819,val
data/raw/dataset-resized/paper/paper105.jpg,paper,paper_cardboard,1,820,train
data/raw/dataset-resized/paper/paper106.jpg,paper,paper_cardboard,1,821,train
data/raw/dataset-resized/paper/paper107.jpg,paper,paper_cardboard,1,822,train
data/raw/dataset-resized/paper/paper108.jpg,paper,paper_cardboard,1,816,test
data/raw/dataset-resized/paper/paper109.jpg,paper,paper_cardboard,1,824,val
data/raw/dataset-resized/paper/paper11.jpg,paper,paper_cardboard,1,825,train
data/raw/dataset-resized/paper/paper110.jpg,paper,paper_cardboard,1,1177,train
data/raw/dataset-resized/paper/paper111.jpg,paper,paper_cardboard,1,827,train
data/raw/dataset-resized/paper/paper112.jpg,paper,paper_cardboard,1,828,train
data/raw/dataset-resized/paper/paper113.jpg,paper,paper_cardboard,1,829,train
data/raw/dataset-resized/paper/paper114.jpg,paper,paper_cardboard,1,830,train
data/raw/dataset-resized/paper/paper115.jpg,paper,paper_cardboard,1,831,train
data/raw/dataset-resized/paper/paper116.jpg,paper,paper_cardboard,1,832,train
data/raw/dataset-resized/paper/paper117.jpg,paper,paper_cardboard,1,1177,train
data/raw/dataset-resized/paper/paper118.jpg,paper,paper_cardboard,1,1177,train
data/raw/dataset-resized/paper/paper119.jpg,paper,paper_cardboard,1,1177,train
data/raw/dataset-resized/paper/paper12.jpg,paper,paper_cardboard,1,836,train
data/raw/dataset-resized/paper/paper120.jpg,paper,paper_cardboard,1,837,train
data/raw/dataset-resized/paper/paper121.jpg,paper,paper_cardboard,1,838,train
data/raw/dataset-resized/paper/paper122.jpg,paper,paper_cardboard,1,839,test
data/raw/dataset-resized/paper/paper123.jpg,paper,paper_cardboard,1,840,train
data/raw/dataset-resized/paper/paper124.jpg,paper,paper_cardboard,1,841,train
data/raw/dataset-resized/paper/paper125.jpg,paper,paper_cardboard,1,842,test
data/raw/dataset-resized/paper/paper126.jpg,paper,paper_cardboard,1,843,train
data/raw/dataset-resized/paper/paper127.jpg,paper,paper_cardboard,1,844,test
data/raw/dataset-resized/paper/paper128.jpg,paper,paper_cardboard,1,845,train
data/raw/dataset-resized/paper/paper129.jpg,paper,paper_cardboard,1,846,val
data/raw/dataset-resized/paper/paper13.jpg,paper,paper_cardboard,1,847,train
data/raw/dataset-resized/paper/paper130.jpg,paper,paper_cardboard,1,848,train
data/raw/dataset-resized/paper/paper131.jpg,paper,paper_cardboard,1,849,train
data/raw/dataset-resized/paper/paper132.jpg,paper,paper_cardboard,1,1177,train
data/raw/dataset-resized/paper/paper133.jpg,paper,paper_cardboard,1,851,val
data/raw/dataset-resized/paper/paper134.jpg,paper,paper_cardboard,1,852,train
data/raw/dataset-resized/paper/paper135.jpg,paper,paper_cardboard,1,853,train
data/raw/dataset-resized/paper/paper136.jpg,paper,paper_cardboard,1,854,train
data/raw/dataset-resized/paper/paper137.jpg,paper,paper_cardboard,1,855,val
data/raw/dataset-resized/paper/paper138.jpg,paper,paper_cardboard,1,856,train
data/raw/dataset-resized/paper/paper139.jpg,paper,paper_cardboard,1,857,train
data/raw/dataset-resized/paper/paper14.jpg,paper,paper_cardboard,1,858,train
data/raw/dataset-resized/paper/paper140.jpg,paper,paper_cardboard,1,859,train
data/raw/dataset-resized/paper/paper141.jpg,paper,paper_cardboard,1,860,train
data/raw/dataset-resized/paper/paper142.jpg,paper,paper_cardboard,1,861,train
data/raw/dataset-resized/paper/paper143.jpg,paper,paper_cardboard,1,1177,train
data/raw/dataset-resized/paper/paper144.jpg,paper,paper_cardboard,1,863,train
data/raw/dataset-resized/paper/paper145.jpg,paper,paper_cardboard,1,864,train
data/raw/dataset-resized/paper/paper146.jpg,paper,paper_cardboard,1,865,test
data/raw/dataset-resized/paper/paper147.jpg,paper,paper_cardboard,1,866,train
data/raw/dataset-resized/paper/paper148.jpg,paper,paper_cardboard,1,867,train
data/raw/dataset-resized/paper/paper149.jpg,paper,paper_cardboard,1,868,test
data/raw/dataset-resized/paper/paper15.jpg,paper,paper_cardboard,1,869,val
data/raw/dataset-resized/paper/paper150.jpg,paper,paper_cardboard,1,1177,train
data/raw/dataset-resized/paper/paper151.jpg,paper,paper_cardboard,1,871,train
data/raw/dataset-resized/paper/paper152.jpg,paper,paper_cardboard,1,872,train
data/raw/dataset-resized/paper/paper153.jpg,paper,paper_cardboard,1,873,train
data/raw/dataset-resized/paper/paper154.jpg,paper,paper_cardboard,1,874,train
data/raw/dataset-resized/paper/paper155.jpg,paper,paper_cardboard,1,875,test
data/raw/dataset-resized/paper/paper156.jpg,paper,paper_cardboard,1,876,train
data/raw/dataset-resized/paper/paper157.jpg,paper,paper_cardboard,1,877,train
data/raw/dataset-resized/paper/paper158.jpg,paper,paper_cardboard,1,878,val
data/raw/dataset-resized/paper/paper159.jpg,paper,paper_cardboard,1,879,train
data/raw/dataset-resized/paper/paper16.jpg,paper,paper_cardboard,1,880,train
data/raw/dataset-resized/paper/paper160.jpg,paper,paper_cardboard,1,881,train
data/raw/dataset-resized/paper/paper161.jpg,paper,paper_cardboard,1,882,val
data/raw/dataset-resized/paper/paper162.jpg,paper,paper_cardboard,1,883,train
data/raw/dataset-resized/paper/paper163.jpg,paper,paper_cardboard,1,884,train
data/raw/dataset-resized/paper/paper164.jpg,paper,paper_cardboard,1,885,val
data/raw/dataset-resized/paper/paper165.jpg,paper,paper_cardboard,1,886,train
data/raw/dataset-resized/paper/paper166.jpg,paper,paper_cardboard,1,887,train
data/raw/dataset-resized/paper/paper167.jpg,paper,paper_cardboard,1,888,train
data/raw/dataset-resized/paper/paper168.jpg,paper,paper_cardboard,1,889,train
data/raw/dataset-resized/paper/paper169.jpg,paper,paper_cardboard,1,890,train
data/raw/dataset-resized/paper/paper17.jpg,paper,paper_cardboard,1,891,train
data/raw/dataset-resized/paper/paper170.jpg,paper,paper_cardboard,1,892,train
data/raw/dataset-resized/paper/paper171.jpg,paper,paper_cardboard,1,893,train
data/raw/dataset-resized/paper/paper172.jpg,paper,paper_cardboard,1,894,train
data/raw/dataset-resized/paper/paper173.jpg,paper,paper_cardboard,1,895,train
data/raw/dataset-resized/paper/paper174.jpg,paper,paper_cardboard,1,896,test
data/raw/dataset-resized/paper/paper175.jpg,paper,paper_cardboard,1,897,train
data/raw/dataset-resized/paper/paper176.jpg,paper,paper_cardboard,1,898,train
data/raw/dataset-resized/paper/paper177.jpg,paper,paper_cardboard,1,899,val
data/raw/dataset-resized/paper/paper178.jpg,paper,paper_cardboard,1,900,train
data/raw/dataset-resized/paper/paper179.jpg,paper,paper_cardboard,1,901,test
data/raw/dataset-resized/paper/paper18.jpg,paper,paper_cardboard,1,902,train
data/raw/dataset-resized/paper/paper180.jpg,paper,paper_cardboard,1,903,train
data/raw/dataset-resized/paper/paper181.jpg,paper,paper_cardboard,1,904,train
data/raw/dataset-resized/paper/paper182.jpg,paper,paper_cardboard,1,905,train
data/raw/dataset-resized/paper/paper183.jpg,paper,paper_cardboard,1,906,test
data/raw/dataset-resized/paper/paper184.jpg,paper,paper_cardboard,1,907,test
data/raw/dataset-resized/paper/paper185.jpg,paper,paper_cardboard,1,908,train
data/raw/dataset-resized/paper/paper186.jpg,paper,paper_cardboard,1,909,train
data/raw/dataset-resized/paper/paper187.jpg,paper,paper_cardboard,1,910,test
data/raw/dataset-resized/paper/paper188.jpg,paper,paper_cardboard,1,911,train
data/raw/dataset-resized/paper/paper189.jpg,paper,paper_cardboard,1,912,train
data/raw/dataset-resized/paper/paper19.jpg,paper,paper_cardboard,1,913,train
data/raw/dataset-resized/paper/paper190.jpg,paper,paper_cardboard,1,914,train
data/raw/dataset-resized/paper/paper191.jpg,paper,paper_cardboard,1,915,val
data/raw/dataset-resized/paper/paper192.jpg,paper,paper_cardboard,1,916,val
data/raw/dataset-resized/paper/paper193.jpg,paper,paper_cardboard,1,917,train
data/raw/dataset-resized/paper/paper194.jpg,paper,paper_cardboard,1,918,train
data/raw/dataset-resized/paper/paper195.jpg,paper,paper_cardboard,1,919,train
data/raw/dataset-resized/paper/paper196.jpg,paper,paper_cardboard,1,920,train
data/raw/dataset-resized/paper/paper197.jpg,paper,paper_cardboard,1,921,val
data/raw/dataset-resized/paper/paper198.jpg,paper,paper_cardboard,1,922,train
data/raw/dataset-resized/paper/paper199.jpg,paper,paper_cardboard,1,923,val
data/raw/dataset-resized/paper/paper2.jpg,paper,paper_cardboard,1,924,train
data/raw/dataset-resized/paper/paper20.jpg,paper,paper_cardboard,1,925,train
data/raw/dataset-resized/paper/paper200.jpg,paper,paper_cardboard,1,926,train
data/raw/dataset-resized/paper/paper201.jpg,paper,paper_cardboard,1,927,train
data/raw/dataset-resized/paper/paper202.jpg,paper,paper_cardboard,1,928,train
data/raw/dataset-resized/paper/paper203.jpg,paper,paper_cardboard,1,929,train
data/raw/dataset-resized/paper/paper204.jpg,paper,paper_cardboard,1,1177,train
data/raw/dataset-resized/paper/paper205.jpg,paper,paper_cardboard,1,931,train
data/raw/dataset-resized/paper/paper206.jpg,paper,paper_cardboard,1,932,train
data/raw/dataset-resized/paper/paper207.jpg,paper,paper_cardboard,1,933,train
data/raw/dataset-resized/paper/paper208.jpg,paper,paper_cardboard,1,934,train
data/raw/dataset-resized/paper/paper209.jpg,paper,paper_cardboard,1,935,val
data/raw/dataset-resized/paper/paper21.jpg,paper,paper_cardboard,1,936,train
data/raw/dataset-resized/paper/paper210.jpg,paper,paper_cardboard,1,937,train
data/raw/dataset-resized/paper/paper211.jpg,paper,paper_cardboard,1,938,val
data/raw/dataset-resized/paper/paper212.jpg,paper,paper_cardboard,1,939,train
data/raw/dataset-resized/paper/paper213.jpg,paper,paper_cardboard,1,940,train
data/raw/dataset-resized/paper/paper214.jpg,paper,paper_cardboard,1,941,train
data/raw/dataset-resized/paper/paper215.jpg,paper,paper_cardboard,1,942,train
data/raw/dataset-resized/paper/paper216.jpg,paper,paper_cardboard,1,943,val
data/raw/dataset-resized/paper/paper217.jpg,paper,paper_cardboard,1,944,train
data/raw/dataset-resized/paper/paper218.jpg,paper,paper_cardboard,1,945,train
data/raw/dataset-resized/paper/paper219.jpg,paper,paper_cardboard,1,946,train
data/raw/dataset-resized/paper/paper22.jpg,paper,paper_cardboard,1,947,train
data/raw/dataset-resized/paper/paper220.jpg,paper,paper_cardboard,1,948,train
data/raw/dataset-resized/paper/paper221.jpg,paper,paper_cardboard,1,949,test
data/raw/dataset-resized/paper/paper222.jpg,paper,paper_cardboard,1,950,val
data/raw/dataset-resized/paper/paper223.jpg,paper,paper_cardboard,1,951,train
data/raw/dataset-resized/paper/paper224.jpg,paper,paper_cardboard,1,952,train
data/raw/dataset-resized/paper/paper225.jpg,paper,paper_cardboard,1,953,train
data/raw/dataset-resized/paper/paper226.jpg,paper,paper_cardboard,1,954,train
data/raw/dataset-resized/paper/paper227.jpg,paper,paper_cardboard,1,955,test
data/raw/dataset-resized/paper/paper228.jpg,paper,paper_cardboard,1,956,train
data/raw/dataset-resized/paper/paper229.jpg,paper,paper_cardboard,1,957,val
data/raw/dataset-resized/paper/paper23.jpg,paper,paper_cardboard,1,958,train
data/raw/dataset-resized/paper/paper230.jpg,paper,paper_cardboard,1,959,val
data/raw/dataset-resized/paper/paper231.jpg,paper,paper_cardboard,1,960,train
data/raw/dataset-resized/paper/paper232.jpg,paper,paper_cardboard,1,961,train
data/raw/dataset-resized/paper/paper233.jpg,paper,paper_cardboard,1,962,train
data/raw/dataset-resized/paper/paper234.jpg,paper,paper_cardboard,1,963,train
data/raw/dataset-resized/paper/paper235.jpg,paper,paper_cardboard,1,964,val
data/raw/dataset-resized/paper/paper236.jpg,paper,paper_cardboard,1,965,train
data/raw/dataset-resized/paper/paper237.jpg,paper,paper_cardboard,1,966,train
data/raw/dataset-resized/paper/paper238.jpg,paper,paper_cardboard,1,967,val
data/raw/dataset-resized/paper/paper239.jpg,paper,paper_cardboard,1,1177,train
data/raw/dataset-resized/paper/paper24.jpg,paper,paper_cardboard,1,969,train
data/raw/dataset-resized/paper/paper240.jpg,paper,paper_cardboard,1,970,train
data/raw/dataset-resized/paper/paper241.jpg,paper,paper_cardboard,1,1177,train
data/raw/dataset-resized/paper/paper242.jpg,paper,paper_cardboard,1,972,train
data/raw/dataset-resized/paper/paper243.jpg,paper,paper_cardboard,1,973,train
data/raw/dataset-resized/paper/paper244.jpg,paper,paper_cardboard,1,974,train
data/raw/dataset-resized/paper/paper245.jpg,paper,paper_cardboard,1,975,train
data/raw/dataset-resized/paper/paper246.jpg,paper,paper_cardboard,1,976,train
data/raw/dataset-resized/paper/paper247.jpg,paper,paper_cardboard,1,977,train
data/raw/dataset-resized/paper/paper248.jpg,paper,paper_cardboard,1,978,train
data/raw/dataset-resized/paper/paper249.jpg,paper,paper_cardboard,1,269,train
data/raw/dataset-resized/paper/paper25.jpg,paper,paper_cardboard,1,980,train
data/raw/dataset-resized/paper/paper250.jpg,paper,paper_cardboard,1,981,val
data/raw/dataset-resized/paper/paper251.jpg,paper,paper_cardboard,1,982,val
data/raw/dataset-resized/paper/paper252.jpg,paper,paper_cardboard,1,983,train
data/raw/dataset-resized/paper/paper253.jpg,paper,paper_cardboard,1,984,val
data/raw/dataset-resized/paper/paper254.jpg,paper,paper_cardboard,1,985,train
data/raw/dataset-resized/paper/paper255.jpg,paper,paper_cardboard,1,1177,train
data/raw/dataset-resized/paper/paper256.jpg,paper,paper_cardboard,1,987,val
data/raw/dataset-resized/paper/paper257.jpg,paper,paper_cardboard,1,988,test
data/raw/dataset-resized/paper/paper258.jpg,paper,paper_cardboard,1,989,train
data/raw/dataset-resized/paper/paper259.jpg,paper,paper_cardboard,1,990,train
data/raw/dataset-resized/paper/paper26.jpg,paper,paper_cardboard,1,991,test
data/raw/dataset-resized/paper/paper260.jpg,paper,paper_cardboard,1,992,train
data/raw/dataset-resized/paper/paper261.jpg,paper,paper_cardboard,1,993,test
data/raw/dataset-resized/paper/paper262.jpg,paper,paper_cardboard,1,994,val
data/raw/dataset-resized/paper/paper263.jpg,paper,paper_cardboard,1,995,train
data/raw/dataset-resized/paper/paper264.jpg,paper,paper_cardboard,1,996,train
data/raw/dataset-resized/paper/paper265.jpg,paper,paper_cardboard,1,997,train
data/raw/dataset-resized/paper/paper266.jpg,paper,paper_cardboard,1,998,train
data/raw/dataset-resized/paper/paper267.jpg,paper,paper_cardboard,1,999,train
data/raw/dataset-resized/paper/paper268.jpg,paper,paper_cardboard,1,1000,test
data/raw/dataset-resized/paper/paper269.jpg,paper,paper_cardboard,1,1001,train
data/raw/dataset-resized/paper/paper27.jpg,paper,paper_cardboard,1,1002,train
data/raw/dataset-resized/paper/paper270.jpg,paper,paper_cardboard,1,1003,train
data/raw/dataset-resized/paper/paper271.jpg,paper,paper_cardboard,1,1004,val
data/raw/dataset-resized/paper/paper272.jpg,paper,paper_cardboard,1,1005,train
data/raw/dataset-resized/paper/paper273.jpg,paper,paper_cardboard,1,1006,train
data/raw/dataset-resized/paper/paper274.jpg,paper,paper_cardboard,1,1007,test
data/raw/dataset-resized/paper/paper275.jpg,paper,paper_cardboard,1,1008,val
data/raw/dataset-resized/paper/paper276.jpg,paper,paper_cardboard,1,1009,val
data/raw/dataset-resized/paper/paper277.jpg,paper,paper_cardboard,1,1177,train
data/raw/dataset-resized/paper/paper278.jpg,paper,paper_cardboard,1,1011,train
data/raw/dataset-resized/paper/paper279.jpg,paper,paper_cardboard,1,1012,train
data/raw/dataset-resized/paper/paper28.jpg,paper,paper_cardboard,1,1013,test
data/raw/dataset-resized/paper/paper280.jpg,paper,paper_cardboard,1,1014,train
data/raw/dataset-resized/paper/paper281.jpg,paper,paper_cardboard,1,1015,train
data/raw/dataset-resized/paper/paper282.jpg,paper,paper_cardboard,1,1016,train
data/raw/dataset-resized/paper/paper283.jpg,paper,paper_cardboard,1,1017,test
data/raw/dataset-resized/paper/paper284.jpg,paper,paper_cardboard,1,903,train
data/raw/dataset-resized/paper/paper285.jpg,paper,paper_cardboard,1,1019,train
data/raw/dataset-resized/paper/paper286.jpg,paper,paper_cardboard,1,1020,train
data/raw/dataset-resized/paper/paper287.jpg,paper,paper_cardboard,1,1021,train
data/raw/dataset-resized/paper/paper288.jpg,paper,paper_cardboard,1,1022,train
data/raw/dataset-resized/paper/paper289.jpg,paper,paper_cardboard,1,1023,train
data/raw/dataset-resized/paper/paper29.jpg,paper,paper_cardboard,1,1024,test
data/raw/dataset-resized/paper/paper290.jpg,paper,paper_cardboard,1,1025,train
data/raw/dataset-resized/paper/paper291.jpg,paper,paper_cardboard,1,1026,train
data/raw/dataset-resized/paper/paper292.jpg,paper,paper_cardboard,1,1027,train
data/raw/dataset-resized/paper/paper293.jpg,paper,paper_cardboard,1,1028,val
data/raw/dataset-resized/paper/paper294.jpg,paper,paper_cardboard,1,1029,train
data/raw/dataset-resized/paper/paper295.jpg,paper,paper_cardboard,1,1030,train
data/raw/dataset-resized/paper/paper296.jpg,paper,paper_cardboard,1,1031,train
data/raw/dataset-resized/paper/paper297.jpg,paper,paper_cardboard,1,1032,train
data/raw/dataset-resized/paper/paper298.jpg,paper,paper_cardboard,1,1033,train
data/raw/dataset-resized/paper/paper299.jpg,paper,paper_cardboard,1,1034,val
data/raw/dataset-resized/paper/paper3.jpg,paper,paper_cardboard,1,1035,test
data/raw/dataset-resized/paper/paper30.jpg,paper,paper_cardboard,1,1036,train
data/raw/dataset-resized/paper/paper300.jpg,paper,paper_cardboard,1,1037,train
data/raw/dataset-resized/paper/paper301.jpg,paper,paper_cardboard,1,1038,train
data/raw/dataset-resized/paper/paper302.jpg,paper,paper_cardboard,1,1039,train
data/raw/dataset-resized/paper/paper303.jpg,paper,paper_cardboard,1,1040,train
data/raw/dataset-resized/paper/paper304.jpg,paper,paper_cardboard,1,1041,test
data/raw/dataset-resized/paper/paper305.jpg,paper,paper_cardboard,1,1042,test
data/raw/dataset-resized/paper/paper306.jpg,paper,paper_cardboard,1,1043,train
data/raw/dataset-resized/paper/paper307.jpg,paper,paper_cardboard,1,1044,train
data/raw/dataset-resized/paper/paper308.jpg,paper,paper_cardboard,1,1042,test
data/raw/dataset-resized/paper/paper309.jpg,paper,paper_cardboard,1,1046,train
data/raw/dataset-resized/paper/paper31.jpg,paper,paper_cardboard,1,1047,val
data/raw/dataset-resized/paper/paper310.jpg,paper,paper_cardboard,1,1048,test
data/raw/dataset-resized/paper/paper311.jpg,paper,paper_cardboard,1,1049,test
data/raw/dataset-resized/paper/paper312.jpg,paper,paper_cardboard,1,1050,train
data/raw/dataset-resized/paper/paper313.jpg,paper,paper_cardboard,1,1051,train
data/raw/dataset-resized/paper/paper314.jpg,paper,paper_cardboard,1,1052,train
data/raw/dataset-resized/paper/paper315.jpg,paper,paper_cardboard,1,1053,train
data/raw/dataset-resized/paper/paper316.jpg,paper,paper_cardboard,1,1054,train
data/raw/dataset-resized/paper/paper317.jpg,paper,paper_cardboard,1,1177,train
data/raw/dataset-resized/paper/paper318.jpg,paper,paper_cardboard,1,1056,val
data/raw/dataset-resized/paper/paper319.jpg,paper,paper_cardboard,1,1057,train
data/raw/dataset-resized/paper/paper32.jpg,paper,paper_cardboard,1,1058,train
data/raw/dataset-resized/paper/paper320.jpg,paper,paper_cardboard,1,1059,val
data/raw/dataset-resized/paper/paper321.jpg,paper,paper_cardboard,1,1060,train
data/raw/dataset-resized/paper/paper322.jpg,paper,paper_cardboard,1,1177,train
data/raw/dataset-resized/paper/paper323.jpg,paper,paper_cardboard,1,1062,train
data/raw/dataset-resized/paper/paper324.jpg,paper,paper_cardboard,1,1177,train
data/raw/dataset-resized/paper/paper325.jpg,paper,paper_cardboard,1,1064,test
data/raw/dataset-resized/paper/paper326.jpg,paper,paper_cardboard,1,1065,train
data/raw/dataset-resized/paper/paper327.jpg,paper,paper_cardboard,1,1066,test
data/raw/dataset-resized/paper/paper328.jpg,paper,paper_cardboard,1,1067,train
data/raw/dataset-resized/paper/paper329.jpg,paper,paper_cardboard,1,1177,train
data/raw/dataset-resized/paper/paper33.jpg,paper,paper_cardboard,1,1069,train
data/raw/dataset-resized/paper/paper330.jpg,paper,paper_cardboard,1,1070,val
data/raw/dataset-resized/paper/paper331.jpg,paper,paper_cardboard,1,1071,train
data/raw/dataset-resized/paper/paper332.jpg,paper,paper_cardboard,1,1072,test
data/raw/dataset-resized/paper/paper333.jpg,paper,paper_cardboard,1,1073,train
data/raw/dataset-resized/paper/paper334.jpg,paper,paper_cardboard,1,1074,train
data/raw/dataset-resized/paper/paper335.jpg,paper,paper_cardboard,1,1075,train
data/raw/dataset-resized/paper/paper336.jpg,paper,paper_cardboard,1,1076,train
data/raw/dataset-resized/paper/paper337.jpg,paper,paper_cardboard,1,1077,train
data/raw/dataset-resized/paper/paper338.jpg,paper,paper_cardboard,1,1078,train
data/raw/dataset-resized/paper/paper339.jpg,paper,paper_cardboard,1,1079,train
data/raw/dataset-resized/paper/paper34.jpg,paper,paper_cardboard,1,1080,train
data/raw/dataset-resized/paper/paper340.jpg,paper,paper_cardboard,1,1081,train
data/raw/dataset-resized/paper/paper341.jpg,paper,paper_cardboard,1,1082,test
data/raw/dataset-resized/paper/paper342.jpg,paper,paper_cardboard,1,1083,train
data/raw/dataset-resized/paper/paper343.jpg,paper,paper_cardboard,1,1084,train
data/raw/dataset-resized/paper/paper344.jpg,paper,paper_cardboard,1,1085,train
data/raw/dataset-resized/paper/paper345.jpg,paper,paper_cardboard,1,1086,train
data/raw/dataset-resized/paper/paper346.jpg,paper,paper_cardboard,1,1087,train
data/raw/dataset-resized/paper/paper347.jpg,paper,paper_cardboard,1,1177,train
data/raw/dataset-resized/paper/paper348.jpg,paper,paper_cardboard,1,1089,train
data/raw/dataset-resized/paper/paper349.jpg,paper,paper_cardboard,1,976,train
data/raw/dataset-resized/paper/paper35.jpg,paper,paper_cardboard,1,1091,val
data/raw/dataset-resized/paper/paper350.jpg,paper,paper_cardboard,1,1092,train
data/raw/dataset-resized/paper/paper351.jpg,paper,paper_cardboard,1,1093,val
data/raw/dataset-resized/paper/paper352.jpg,paper,paper_cardboard,1,1094,test
data/raw/dataset-resized/paper/paper353.jpg,paper,paper_cardboard,1,1095,train
data/raw/dataset-resized/paper/paper354.jpg,paper,paper_cardboard,1,1096,train
data/raw/dataset-resized/paper/paper355.jpg,paper,paper_cardboard,1,1097,val
data/raw/dataset-resized/paper/paper356.jpg,paper,paper_cardboard,1,1098,train
data/raw/dataset-resized/paper/paper357.jpg,paper,paper_cardboard,1,1099,val
data/raw/dataset-resized/paper/paper358.jpg,paper,paper_cardboard,1,1100,train
data/raw/dataset-resized/paper/paper359.jpg,paper,paper_cardboard,1,1101,test
data/raw/dataset-resized/paper/paper36.jpg,paper,paper_cardboard,1,1102,train
data/raw/dataset-resized/paper/paper360.jpg,paper,paper_cardboard,1,1103,val
data/raw/dataset-resized/paper/paper361.jpg,paper,paper_cardboard,1,1177,train
data/raw/dataset-resized/paper/paper362.jpg,paper,paper_cardboard,1,1105,train
data/raw/dataset-resized/paper/paper363.jpg,paper,paper_cardboard,1,1106,test
data/raw/dataset-resized/paper/paper364.jpg,paper,paper_cardboard,1,1107,test
data/raw/dataset-resized/paper/paper365.jpg,paper,paper_cardboard,1,1108,val
data/raw/dataset-resized/paper/paper366.jpg,paper,paper_cardboard,1,1177,train
data/raw/dataset-resized/paper/paper367.jpg,paper,paper_cardboard,1,1110,train
data/raw/dataset-resized/paper/paper368.jpg,paper,paper_cardboard,1,1177,train
data/raw/dataset-resized/paper/paper369.jpg,paper,paper_cardboard,1,1112,test
data/raw/dataset-resized/paper/paper37.jpg,paper,paper_cardboard,1,1113,train
data/raw/dataset-resized/paper/paper370.jpg,paper,paper_cardboard,1,1114,train
data/raw/dataset-resized/paper/paper371.jpg,paper,paper_cardboard,1,1115,train
data/raw/dataset-resized/paper/paper372.jpg,paper,paper_cardboard,1,1116,train
data/raw/dataset-resized/paper/paper373.jpg,paper,paper_cardboard,1,1177,train
data/raw/dataset-resized/paper/paper374.jpg,paper,paper_cardboard,1,1118,test
data/raw/dataset-resized/paper/paper375.jpg,paper,paper_cardboard,1,1119,train
data/raw/dataset-resized/paper/paper376.jpg,paper,paper_cardboard,1,1120,test
data/raw/dataset-resized/paper/paper377.jpg,paper,paper_cardboard,1,1121,train
data/raw/dataset-resized/paper/paper378.jpg,paper,paper_cardboard,1,1177,train
data/raw/dataset-resized/paper/paper379.jpg,paper,paper_cardboard,1,1123,train
data/raw/dataset-resized/paper/paper38.jpg,paper,paper_cardboard,1,1124,train
data/raw/dataset-resized/paper/paper380.jpg,paper,paper_cardboard,1,1125,val
data/raw/dataset-resized/paper/paper381.jpg,paper,paper_cardboard,1,1126,train
data/raw/dataset-resized/paper/paper382.jpg,paper,paper_cardboard,1,1127,test
data/raw/dataset-resized/paper/paper383.jpg,paper,paper_cardboard,1,1177,train
data/raw/dataset-resized/paper/paper384.jpg,paper,paper_cardboard,1,1129,train
data/raw/dataset-resized/paper/paper385.jpg,paper,paper_cardboard,1,1177,train
data/raw/dataset-resized/paper/paper386.jpg,paper,paper_cardboard,1,1131,train
data/raw/dataset-resized/paper/paper387.jpg,paper,paper_cardboard,1,1132,train
data/raw/dataset-resized/paper/paper388.jpg,paper,paper_cardboard,1,1133,val
data/raw/dataset-resized/paper/paper389.jpg,paper,paper_cardboard,1,1134,train
data/raw/dataset-resized/paper/paper39.jpg,paper,paper_cardboard,1,1135,test
data/raw/dataset-resized/paper/paper390.jpg,paper,paper_cardboard,1,908,train
data/raw/dataset-resized/paper/paper391.jpg,paper,paper_cardboard,1,1137,train
data/raw/dataset-resized/paper/paper392.jpg,paper,paper_cardboard,1,1138,train
data/raw/dataset-resized/paper/paper393.jpg,paper,paper_cardboard,1,1139,train
data/raw/dataset-resized/paper/paper394.jpg,paper,paper_cardboard,1,1140,train
data/raw/dataset-resized/paper/paper395.jpg,paper,paper_cardboard,1,1141,train
data/raw/dataset-resized/paper/paper396.jpg,paper,paper_cardboard,1,1142,train
data/raw/dataset-resized/paper/paper397.jpg,paper,paper_cardboard,1,1143,train
data/raw/dataset-resized/paper/paper398.jpg,paper,paper_cardboard,1,1144,train
data/raw/dataset-resized/paper/paper399.jpg,paper,paper_cardboard,1,1145,test
data/raw/dataset-resized/paper/paper4.jpg,paper,paper_cardboard,1,1146,val
data/raw/dataset-resized/paper/paper40.jpg,paper,paper_cardboard,1,924,train
data/raw/dataset-resized/paper/paper400.jpg,paper,paper_cardboard,1,1148,train
data/raw/dataset-resized/paper/paper401.jpg,paper,paper_cardboard,1,1149,train
data/raw/dataset-resized/paper/paper402.jpg,paper,paper_cardboard,1,1150,train
data/raw/dataset-resized/paper/paper403.jpg,paper,paper_cardboard,1,1151,val
data/raw/dataset-resized/paper/paper404.jpg,paper,paper_cardboard,1,1152,test
data/raw/dataset-resized/paper/paper405.jpg,paper,paper_cardboard,1,1153,val
data/raw/dataset-resized/paper/paper406.jpg,paper,paper_cardboard,1,1177,train
data/raw/dataset-resized/paper/paper407.jpg,paper,paper_cardboard,1,1155,train
data/raw/dataset-resized/paper/paper408.jpg,paper,paper_cardboard,1,997,train
data/raw/dataset-resized/paper/paper409.jpg,paper,paper_cardboard,1,1157,train
data/raw/dataset-resized/paper/paper41.jpg,paper,paper_cardboard,1,1158,val
data/raw/dataset-resized/paper/paper410.jpg,paper,paper_cardboard,1,1159,train
data/raw/dataset-resized/paper/paper411.jpg,paper,paper_cardboard,1,1160,val
data/raw/dataset-resized/paper/paper412.jpg,paper,paper_cardboard,1,1161,test
data/raw/dataset-resized/paper/paper413.jpg,paper,paper_cardboard,1,1162,val
data/raw/dataset-resized/paper/paper414.jpg,paper,paper_cardboard,1,1177,train
data/raw/dataset-resized/paper/paper415.jpg,paper,paper_cardboard,1,1164,test
data/raw/dataset-resized/paper/paper416.jpg,paper,paper_cardboard,1,1165,train
data/raw/dataset-resized/paper/paper417.jpg,paper,paper_cardboard,1,1166,train
data/raw/dataset-resized/paper/paper418.jpg,paper,paper_cardboard,1,1167,test
data/raw/dataset-resized/paper/paper419.jpg,paper,paper_cardboard,1,269,train
data/raw/dataset-resized/paper/paper42.jpg,paper,paper_cardboard,1,1169,val
data/raw/dataset-resized/paper/paper420.jpg,paper,paper_cardboard,1,1170,train
data/raw/dataset-resized/paper/paper421.jpg,paper,paper_cardboard,1,1171,train
data/raw/dataset-resized/paper/paper422.jpg,paper,paper_cardboard,1,1172,train
data/raw/dataset-resized/paper/paper423.jpg,paper,paper_cardboard,1,1173,train
data/raw/dataset-resized/paper/paper424.jpg,paper,paper_cardboard,1,1174,train
data/raw/dataset-resized/paper/paper425.jpg,paper,paper_cardboard,1,1175,train
data/raw/dataset-resized/paper/paper426.jpg,paper,paper_cardboard,1,1176,train
data/raw/dataset-resized/paper/paper427.jpg,paper,paper_cardboard,1,1177,train
data/raw/dataset-resized/paper/paper428.jpg,paper,paper_cardboard,1,1178,train
data/raw/dataset-resized/paper/paper429.jpg,paper,paper_cardboard,1,1179,test
data/raw/dataset-resized/paper/paper43.jpg,paper,paper_cardboard,1,1180,train
data/raw/dataset-resized/paper/paper430.jpg,paper,paper_cardboard,1,1181,train
data/raw/dataset-resized/paper/paper431.jpg,paper,paper_cardboard,1,1182,train
data/raw/dataset-resized/paper/paper432.jpg,paper,paper_cardboard,1,1183,test
data/raw/dataset-resized/paper/paper433.jpg,paper,paper_cardboard,1,1184,train
data/raw/dataset-resized/paper/paper434.jpg,paper,paper_cardboard,1,1185,train
data/raw/dataset-resized/paper/paper435.jpg,paper,paper_cardboard,1,1186,test
data/raw/dataset-resized/paper/paper436.jpg,paper,paper_cardboard,1,1187,train
data/raw/dataset-resized/paper/paper437.jpg,paper,paper_cardboard,1,1188,val
data/raw/dataset-resized/paper/paper438.jpg,paper,paper_cardboard,1,1189,train
data/raw/dataset-resized/paper/paper439.jpg,paper,paper_cardboard,1,1190,train
data/raw/dataset-resized/paper/paper44.jpg,paper,paper_cardboard,1,1191,train
data/raw/dataset-resized/paper/paper440.jpg,paper,paper_cardboard,1,1192,train
data/raw/dataset-resized/paper/paper441.jpg,paper,paper_cardboard,1,1193,train
data/raw/dataset-resized/paper/paper442.jpg,paper,paper_cardboard,1,1194,train
data/raw/dataset-resized/paper/paper443.jpg,paper,paper_cardboard,1,1195,train
data/raw/dataset-resized/paper/paper444.jpg,paper,paper_cardboard,1,1177,train
data/raw/dataset-resized/paper/paper445.jpg,paper,paper_cardboard,1,1197,train
data/raw/dataset-resized/paper/paper446.jpg,paper,paper_cardboard,1,1198,val
data/raw/dataset-resized/paper/paper447.jpg,paper,paper_cardboard,1,1199,test
data/raw/dataset-resized/paper/paper448.jpg,paper,paper_cardboard,1,1200,train
data/raw/dataset-resized/paper/paper449.jpg,paper,paper_cardboard,1,1201,test
data/raw/dataset-resized/paper/paper45.jpg,paper,paper_cardboard,1,1202,train
data/raw/dataset-resized/paper/paper450.jpg,paper,paper_cardboard,1,1203,train
data/raw/dataset-resized/paper/paper451.jpg,paper,paper_cardboard,1,1086,train
data/raw/dataset-resized/paper/paper452.jpg,paper,paper_cardboard,1,1205,val
data/raw/dataset-resized/paper/paper453.jpg,paper,paper_cardboard,1,1206,train
data/raw/dataset-resized/paper/paper454.jpg,paper,paper_cardboard,1,1207,train
data/raw/dataset-resized/paper/paper455.jpg,paper,paper_cardboard,1,1208,val
data/raw/dataset-resized/paper/paper456.jpg,paper,paper_cardboard,1,1209,train
data/raw/dataset-resized/paper/paper457.jpg,paper,paper_cardboard,1,1210,train
data/raw/dataset-resized/paper/paper458.jpg,paper,paper_cardboard,1,1211,train
data/raw/dataset-resized/paper/paper459.jpg,paper,paper_cardboard,1,1212,val
data/raw/dataset-resized/paper/paper46.jpg,paper,paper_cardboard,1,1213,test
data/raw/dataset-resized/paper/paper460.jpg,paper,paper_cardboard,1,1214,test
data/raw/dataset-resized/paper/paper461.jpg,paper,paper_cardboard,1,1215,train
data/raw/dataset-resized/paper/paper462.jpg,paper,paper_cardboard,1,1216,train
data/raw/dataset-resized/paper/paper463.jpg,paper,paper_cardboard,1,1217,train
data/raw/dataset-resized/paper/paper464.jpg,paper,paper_cardboard,1,1218,train
data/raw/dataset-resized/paper/paper465.jpg,paper,paper_cardboard,1,1219,train
data/raw/dataset-resized/paper/paper466.jpg,paper,paper_cardboard,1,1212,val
data/raw/dataset-resized/paper/paper467.jpg,paper,paper_cardboard,1,1221,train
data/raw/dataset-resized/paper/paper468.jpg,paper,paper_cardboard,1,1222,test
data/raw/dataset-resized/paper/paper469.jpg,paper,paper_cardboard,1,1223,train
data/raw/dataset-resized/paper/paper47.jpg,paper,paper_cardboard,1,1224,train
data/raw/dataset-resized/paper/paper470.jpg,paper,paper_cardboard,1,1225,train
data/raw/dataset-resized/paper/paper471.jpg,paper,paper_cardboard,1,1226,test
data/raw/dataset-resized/paper/paper472.jpg,paper,paper_cardboard,1,1227,test
data/raw/dataset-resized/paper/paper473.jpg,paper,paper_cardboard,1,1228,val
data/raw/dataset-resized/paper/paper474.jpg,paper,paper_cardboard,1,1229,val
data/raw/dataset-resized/paper/paper475.jpg,paper,paper_cardboard,1,1177,train
data/raw/dataset-resized/paper/paper476.jpg,paper,paper_cardboard,1,1231,test
data/raw/dataset-resized/paper/paper477.jpg,paper,paper_cardboard,1,1177,train
data/raw/dataset-resized/paper/paper478.jpg,paper,paper_cardboard,1,1233,train
data/raw/dataset-resized/paper/paper479.jpg,paper,paper_cardboard,1,1234,test
data/raw/dataset-resized/paper/paper48.jpg,paper,paper_cardboard,1,1235,train
data/raw/dataset-resized/paper/paper480.jpg,paper,paper_cardboard,1,1236,train
data/raw/dataset-resized/paper/paper481.jpg,paper,paper_cardboard,1,1237,train
data/raw/dataset-resized/paper/paper482.jpg,paper,paper_cardboard,1,1238,train
data/raw/dataset-resized/paper/paper483.jpg,paper,paper_cardboard,1,1239,train
data/raw/dataset-resized/paper/paper484.jpg,paper,paper_cardboard,1,1240,train
data/raw/dataset-resized/paper/paper485.jpg,paper,paper_cardboard,1,1241,train
data/raw/dataset-resized/paper/paper486.jpg,paper,paper_cardboard,1,1242,train
data/raw/dataset-resized/paper/paper487.jpg,paper,paper_cardboard,1,1243,val
data/raw/dataset-resized/paper/paper488.jpg,paper,paper_cardboard,1,1244,train
data/raw/dataset-resized/paper/paper489.jpg,paper,paper_cardboard,1,1245,train
data/raw/dataset-resized/paper/paper49.jpg,paper,paper_cardboard,1,1246,train
data/raw/dataset-resized/paper/paper490.jpg,paper,paper_cardboard,1,1247,test
data/raw/dataset-resized/paper/paper491.jpg,paper,paper_cardboard,1,1248,val
data/raw/dataset-resized/paper/paper492.jpg,paper,paper_cardboard,1,1249,train
data/raw/dataset-resized/paper/paper493.jpg,paper,paper_cardboard,1,1177,train
data/raw/dataset-resized/paper/paper494.jpg,paper,paper_cardboard,1,1251,train
data/raw/dataset-resized/paper/paper495.jpg,paper,paper_cardboard,1,1252,test
data/raw/dataset-resized/paper/paper496.jpg,paper,paper_cardboard,1,1253,train
data/raw/dataset-resized/paper/paper497.jpg,paper,paper_cardboard,1,1177,train
data/raw/dataset-resized/paper/paper498.jpg,paper,paper_cardboard,1,1177,train
data/raw/dataset-resized/paper/paper499.jpg,paper,paper_cardboard,1,1256,train
data/raw/dataset-resized/paper/paper5.jpg,paper,paper_cardboard,1,1257,val
data/raw/dataset-resized/paper/paper50.jpg,paper,paper_cardboard,1,1177,train
data/raw/dataset-resized/paper/paper500.jpg,paper,paper_cardboard,1,1259,train
data/raw/dataset-resized/paper/paper501.jpg,paper,paper_cardboard,1,1260,test
data/raw/dataset-resized/paper/paper502.jpg,paper,paper_cardboard,1,1261,train
data/raw/dataset-resized/paper/paper503.jpg,paper,paper_cardboard,1,1262,train
data/raw/dataset-resized/paper/paper504.jpg,paper,paper_cardboard,1,1263,train
data/raw/dataset-resized/paper/paper505.jpg,paper,paper_cardboard,1,1264,train
data/raw/dataset-resized/paper/paper506.jpg,paper,paper_cardboard,1,1265,test
data/raw/dataset-resized/paper/paper507.jpg,paper,paper_cardboard,1,1266,train
data/raw/dataset-resized/paper/paper508.jpg,paper,paper_cardboard,1,1267,train
data/raw/dataset-resized/paper/paper509.jpg,paper,paper_cardboard,1,1268,test
data/raw/dataset-resized/paper/paper51.jpg,paper,paper_cardboard,1,1177,train
data/raw/dataset-resized/paper/paper510.jpg,paper,paper_cardboard,1,1270,val
data/raw/dataset-resized/paper/paper511.jpg,paper,paper_cardboard,1,1177,train
data/raw/dataset-resized/paper/paper512.jpg,paper,paper_cardboard,1,1272,train
data/raw/dataset-resized/paper/paper513.jpg,paper,paper_cardboard,1,1273,train
data/raw/dataset-resized/paper/paper514.jpg,paper,paper_cardboard,1,1274,train
data/raw/dataset-resized/paper/paper515.jpg,paper,paper_cardboard,1,1275,train
data/raw/dataset-resized/paper/paper516.jpg,paper,paper_cardboard,1,1276,val
data/raw/dataset-resized/paper/paper517.jpg,paper,paper_cardboard,1,1277,val
data/raw/dataset-resized/paper/paper518.jpg,paper,paper_cardboard,1,1278,train
data/raw/dataset-resized/paper/paper519.jpg,paper,paper_cardboard,1,1279,val
data/raw/dataset-resized/paper/paper52.jpg,paper,paper_cardboard,1,1280,train
data/raw/dataset-resized/paper/paper520.jpg,paper,paper_cardboard,1,1281,train
data/raw/dataset-resized/paper/paper521.jpg,paper,paper_cardboard,1,1282,train
data/raw/dataset-resized/paper/paper522.jpg,paper,paper_cardboard,1,1283,val
data/raw/dataset-resized/paper/paper523.jpg,paper,paper_cardboard,1,1284,train
data/raw/dataset-resized/paper/paper524.jpg,paper,paper_cardboard,1,1285,train
data/raw/dataset-resized/paper/paper525.jpg,paper,paper_cardboard,1,1286,train
data/raw/dataset-resized/paper/paper526.jpg,paper,paper_cardboard,1,1287,train
data/raw/dataset-resized/paper/paper527.jpg,paper,paper_cardboard,1,1288,train
data/raw/dataset-resized/paper/paper528.jpg,paper,paper_cardboard,1,1289,train
data/raw/dataset-resized/paper/paper529.jpg,paper,paper_cardboard,1,1290,train
data/raw/dataset-resized/paper/paper53.jpg,paper,paper_cardboard,1,1052,train
data/raw/dataset-resized/paper/paper530.jpg,paper,paper_cardboard,1,1292,train
data/raw/dataset-resized/paper/paper531.jpg,paper,paper_cardboard,1,1293,train
data/raw/dataset-resized/paper/paper532.jpg,paper,paper_cardboard,1,1294,train
data/raw/dataset-resized/paper/paper533.jpg,paper,paper_cardboard,1,1295,train
data/raw/dataset-resized/paper/paper534.jpg,paper,paper_cardboard,1,1283,val
data/raw/dataset-resized/paper/paper535.jpg,paper,paper_cardboard,1,1297,train
data/raw/dataset-resized/paper/paper536.jpg,paper,paper_cardboard,1,1298,val
data/raw/dataset-resized/paper/paper537.jpg,paper,paper_cardboard,1,1299,train
data/raw/dataset-resized/paper/paper538.jpg,paper,paper_cardboard,1,1300,train
data/raw/dataset-resized/paper/paper539.jpg,paper,paper_cardboard,1,1301,train
data/raw/dataset-resized/paper/paper54.jpg,paper,paper_cardboard,1,1177,train
data/raw/dataset-resized/paper/paper540.jpg,paper,paper_cardboard,1,1303,train
data/raw/dataset-resized/paper/paper541.jpg,paper,paper_cardboard,1,1304,test
data/raw/dataset-resized/paper/paper542.jpg,paper,paper_cardboard,1,1305,test
data/raw/dataset-resized/paper/paper543.jpg,paper,paper_cardboard,1,1306,train
data/raw/dataset-resized/paper/paper544.jpg,paper,paper_cardboard,1,1307,test
data/raw/dataset-resized/paper/paper545.jpg,paper,paper_cardboard,1,1308,train
data/raw/dataset-resized/paper/paper546.jpg,paper,paper_cardboard,1,1309,train
data/raw/dataset-resized/paper/paper547.jpg,paper,paper_cardboard,1,1310,train
data/raw/dataset-resized/paper/paper548.jpg,paper,paper_cardboard,1,1311,test
data/raw/dataset-resized/paper/paper549.jpg,paper,paper_cardboard,1,1312,val
data/raw/dataset-resized/paper/paper55.jpg,paper,paper_cardboard,1,1313,train
data/raw/dataset-resized/paper/paper550.jpg,paper,paper_cardboard,1,1314,train
data/raw/dataset-resized/paper/paper551.jpg,paper,paper_cardboard,1,1315,train
data/raw/dataset-resized/paper/paper552.jpg,paper,paper_cardboard,1,1177,train
data/raw/dataset-resized/paper/paper553.jpg,paper,paper_cardboard,1,1317,train
data/raw/dataset-resized/paper/paper554.jpg,paper,paper_cardboard,1,1318,train
data/raw/dataset-resized/paper/paper555.jpg,paper,paper_cardboard,1,1177,train
data/raw/dataset-resized/paper/paper556.jpg,paper,paper_cardboard,1,1320,train
data/raw/dataset-resized/paper/paper557.jpg,paper,paper_cardboard,1,1177,train
data/raw/dataset-resized/paper/paper558.jpg,paper,paper_cardboard,1,1322,train
data/raw/dataset-resized/paper/paper559.jpg,paper,paper_cardboard,1,1323,train
data/raw/dataset-resized/paper/paper56.jpg,paper,paper_cardboard,1,1324,train
data/raw/dataset-resized/paper/paper560.jpg,paper,paper_cardboard,1,1177,train
data/raw/dataset-resized/paper/paper561.jpg,paper,paper_cardboard,1,1326,train
data/raw/dataset-resized/paper/paper562.jpg,paper,paper_cardboard,1,1327,train
data/raw/dataset-resized/paper/paper563.jpg,paper,paper_cardboard,1,1328,val
data/raw/dataset-resized/paper/paper564.jpg,paper,paper_cardboard,1,1329,val
data/raw/dataset-resized/paper/paper565.jpg,paper,paper_cardboard,1,1330,train
data/raw/dataset-resized/paper/paper566.jpg,paper,paper_cardboard,1,1331,test
data/raw/dataset-resized/paper/paper567.jpg,paper,paper_cardboard,1,1177,train
data/raw/dataset-resized/paper/paper568.jpg,paper,paper_cardboard,1,1333,test
data/raw/dataset-resized/paper/paper569.jpg,paper,paper_cardboard,1,1334,train
data/raw/dataset-resized/paper/paper57.jpg,paper,paper_cardboard,1,1335,train
data/raw/dataset-resized/paper/paper570.jpg,paper,paper_cardboard,1,1336,val
data/raw/dataset-resized/paper/paper571.jpg,paper,paper_cardboard,1,1337,train
data/raw/dataset-resized/paper/paper572.jpg,paper,paper_cardboard,1,1338,val
data/raw/dataset-resized/paper/paper573.jpg,paper,paper_cardboard,1,1339,train
data/raw/dataset-resized/paper/paper574.jpg,paper,paper_cardboard,1,1177,train
data/raw/dataset-resized/paper/paper575.jpg,paper,paper_cardboard,1,1341,train
data/raw/dataset-resized/paper/paper576.jpg,paper,paper_cardboard,1,1342,val
data/raw/dataset-resized/paper/paper577.jpg,paper,paper_cardboard,1,1343,train
data/raw/dataset-resized/paper/paper578.jpg,paper,paper_cardboard,1,1344,train
data/raw/dataset-resized/paper/paper579.jpg,paper,paper_cardboard,1,1345,train
data/raw/dataset-resized/paper/paper58.jpg,paper,paper_cardboard,1,1346,train
data/raw/dataset-resized/paper/paper580.jpg,paper,paper_cardboard,1,1347,train
data/raw/dataset-resized/paper/paper581.jpg,paper,paper_cardboard,1,1348,train
data/raw/dataset-resized/paper/paper582.jpg,paper,paper_cardboard,1,1177,train
data/raw/dataset-resized/paper/paper583.jpg,paper,paper_cardboard,1,1350,train
data/raw/dataset-resized/paper/paper584.jpg,paper,paper_cardboard,1,1351,train
data/raw/dataset-resized/paper/paper585.jpg,paper,paper_cardboard,1,1352,val
data/raw/dataset-resized/paper/paper586.jpg,paper,paper_cardboard,1,1353,test
data/raw/dataset-resized/paper/paper587.jpg,paper,paper_cardboard,1,1354,train
data/raw/dataset-resized/paper/paper588.jpg,paper,paper_cardboard,1,1355,train
data/raw/dataset-resized/paper/paper589.jpg,paper,paper_cardboard,1,1356,train
data/raw/dataset-resized/paper/paper59.jpg,paper,paper_cardboard,1,1357,train
data/raw/dataset-resized/paper/paper590.jpg,paper,paper_cardboard,1,1358,train
data/raw/dataset-resized/paper/paper591.jpg,paper,paper_cardboard,1,1359,train
data/raw/dataset-resized/paper/paper592.jpg,paper,paper_cardboard,1,1360,test
data/raw/dataset-resized/paper/paper593.jpg,paper,paper_cardboard,1,1361,val
data/raw/dataset-resized/paper/paper594.jpg,paper,paper_cardboard,1,1362,val
data/raw/dataset-resized/paper/paper6.jpg,paper,paper_cardboard,1,1363,train
data/raw/dataset-resized/paper/paper60.jpg,paper,paper_cardboard,1,1364,val
data/raw/dataset-resized/paper/paper61.jpg,paper,paper_cardboard,1,1365,val
data/raw/dataset-resized/paper/paper62.jpg,paper,paper_cardboard,1,1177,train
data/raw/dataset-resized/paper/paper63.jpg,paper,paper_cardboard,1,1367,val
data/raw/dataset-resized/paper/paper64.jpg,paper,paper_cardboard,1,1368,train
data/raw/dataset-resized/paper/paper65.jpg,paper,paper_cardboard,1,1369,train
data/raw/dataset-resized/paper/paper66.jpg,paper,paper_cardboard,1,1370,test
data/raw/dataset-resized/paper/paper67.jpg,paper,paper_cardboard,1,1371,train
data/raw/dataset-resized/paper/paper68.jpg,paper,paper_cardboard,1,1372,val
data/raw/dataset-resized/paper/paper69.jpg,paper,paper_cardboard,1,1373,val
data/raw/dataset-resized/paper/paper7.jpg,paper,paper_cardboard,1,1374,train
data/raw/dataset-resized/paper/paper70.jpg,paper,paper_cardboard,1,1375,train
data/raw/dataset-resized/paper/paper71.jpg,paper,paper_cardboard,1,1376,test
data/raw/dataset-resized/paper/paper72.jpg,paper,paper_cardboard,1,1377,val
data/raw/dataset-resized/paper/paper73.jpg,paper,paper_cardboard,1,1378,train
data/raw/dataset-resized/paper/paper74.jpg,paper,paper_cardboard,1,1379,val
data/raw/dataset-resized/paper/paper75.jpg,paper,paper_cardboard,1,1380,test
data/raw/dataset-resized/paper/paper76.jpg,paper,paper_cardboard,1,1381,train
data/raw/dataset-resized/paper/paper77.jpg,paper,paper_cardboard,1,1382,train
data/raw/dataset-resized/paper/paper78.jpg,paper,paper_cardboard,1,1383,train
data/raw/dataset-resized/paper/paper79.jpg,paper,paper_cardboard,1,1384,test
data/raw/dataset-resized/paper/paper8.jpg,paper,paper_cardboard,1,1385,train
data/raw/dataset-resized/paper/paper80.jpg,paper,paper_cardboard,1,1386,train
data/raw/dataset-resized/paper/paper81.jpg,paper,paper_cardboard,1,1387,train
data/raw/dataset-resized/paper/paper82.jpg,paper,paper_cardboard,1,1388,test
data/raw/dataset-resized/paper/paper83.jpg,paper,paper_cardboard,1,1389,test
data/raw/dataset-resized/paper/paper84.jpg,paper,paper_cardboard,1,1390,train
data/raw/dataset-resized/paper/paper85.jpg,paper,paper_cardboard,1,1391,train
data/raw/dataset-resized/paper/paper86.jpg,paper,paper_cardboard,1,1392,test
data/raw/dataset-resized/paper/paper87.jpg,paper,paper_cardboard,1,1393,val
data/raw/dataset-resized/paper/paper88.jpg,paper,paper_cardboard,1,1394,train
data/raw/dataset-resized/paper/paper89.jpg,paper,paper_cardboard,1,1229,val
data/raw/dataset-resized/paper/paper9.jpg,paper,paper_cardboard,1,1396,test
data/raw/dataset-resized/paper/paper90.jpg,paper,paper_cardboard,1,1397,train
data/raw/dataset-resized/paper/paper91.jpg,paper,paper_cardboard,1,1398,test
data/raw/dataset-resized/paper/paper92.jpg,paper,paper_cardboard,1,1399,train
data/raw/dataset-resized/paper/paper93.jpg,paper,paper_cardboard,1,1400,test
data/raw/dataset-resized/paper/paper94.jpg,paper,paper_cardboard,1,1401,train
data/raw/dataset-resized/paper/paper95.jpg,paper,paper_cardboard,1,1402,val
data/raw/dataset-resized/paper/paper96.jpg,paper,paper_cardboard,1,1403,train
data/raw/dataset-resized/paper/paper97.jpg,paper,paper_cardboard,1,1404,val
data/raw/dataset-resized/paper/paper98.jpg,paper,paper_cardboard,1,1405,val
data/raw/dataset-resized/paper/paper99.jpg,paper,paper_cardboard,1,866,train
data/raw/dataset-resized/plastic/plastic1.jpg,plastic,plastic,0,1407,train
data/raw/dataset-resized/plastic/plastic10.jpg,plastic,plastic,0,1497,val
data/raw/dataset-resized/plastic/plastic100.jpg,plastic,plastic,0,1409,train
data/raw/dataset-resized/plastic/plastic101.jpg,plastic,plastic,0,1410,train
data/raw/dataset-resized/plastic/plastic102.jpg,plastic,plastic,0,1497,val
data/raw/dataset-resized/plastic/plastic103.jpg,plastic,plastic,0,1412,train
data/raw/dataset-resized/plastic/plastic104.jpg,plastic,plastic,0,1413,train
data/raw/dataset-resized/plastic/plastic105.jpg,plastic,plastic,0,1414,train
data/raw/dataset-resized/plastic/plastic106.jpg,plastic,plastic,0,1415,val
data/raw/dataset-resized/plastic/plastic107.jpg,plastic,plastic,0,1416,val
data/raw/dataset-resized/plastic/plastic108.jpg,plastic,plastic,0,1417,train
data/raw/dataset-resized/plastic/plastic109.jpg,plastic,plastic,0,1418,val
data/raw/dataset-resized/plastic/plastic11.jpg,plastic,plastic,0,1419,train
data/raw/dataset-resized/plastic/plastic110.jpg,plastic,plastic,0,1420,test
data/raw/dataset-resized/plastic/plastic111.jpg,plastic,plastic,0,1421,val
data/raw/dataset-resized/plastic/plastic112.jpg,plastic,plastic,0,1422,train
data/raw/dataset-resized/plastic/plastic113.jpg,plastic,plastic,0,1423,train
data/raw/dataset-resized/plastic/plastic114.jpg,plastic,plastic,0,1424,test
data/raw/dataset-resized/plastic/plastic115.jpg,plastic,plastic,0,1425,train
data/raw/dataset-resized/plastic/plastic116.jpg,plastic,plastic,0,1426,train
data/raw/dataset-resized/plastic/plastic117.jpg,plastic,plastic,0,1427,test
data/raw/dataset-resized/plastic/plastic118.jpg,plastic,plastic,0,1428,train
data/raw/dataset-resized/plastic/plastic119.jpg,plastic,plastic,0,1429,train
data/raw/dataset-resized/plastic/plastic12.jpg,plastic,plastic,0,1430,train
data/raw/dataset-resized/plastic/plastic120.jpg,plastic,plastic,0,1431,test
data/raw/dataset-resized/plastic/plastic121.jpg,plastic,plastic,0,1432,train
data/raw/dataset-resized/plastic/plastic122.jpg,plastic,plastic,0,1433,val
data/raw/dataset-resized/plastic/plastic123.jpg,plastic,plastic,0,1434,val
data/raw/dataset-resized/plastic/plastic124.jpg,plastic,plastic,0,1435,train
data/raw/dataset-resized/plastic/plastic125.jpg,plastic,plastic,0,1436,train
data/raw/dataset-resized/plastic/plastic126.jpg,plastic,plastic,0,1437,train
data/raw/dataset-resized/plastic/plastic127.jpg,plastic,plastic,0,1438,train
data/raw/dataset-resized/plastic/plastic128.jpg,plastic,plastic,0,1439,val
data/raw/dataset-resized/plastic/plastic129.jpg,plastic,plastic,0,1440,test
data/raw/dataset-resized/plastic/plastic13.jpg,plastic,plastic,0,1441,train
data/raw/dataset-resized/plastic/plastic130.jpg,plastic,plastic,0,1442,train
data/raw/dataset-resized/plastic/plastic131.jpg,plastic,plastic,0,1443,val
data/raw/dataset-resized/plastic/plastic132.jpg,plastic,plastic,0,1444,train
data/raw/dataset-resized/plastic/plastic133.jpg,plastic,plastic,0,1445,train
data/raw/dataset-resized/plastic/plastic134.jpg,plastic,plastic,0,1446,train
data/raw/dataset-resized/plastic/plastic135.jpg,plastic,plastic,0,1447,train
data/raw/dataset-resized/plastic/plastic136.jpg,plastic,plastic,0,1448,train
data/raw/dataset-resized/plastic/plastic137.jpg,plastic,plastic,0,1449,train
data/raw/dataset-resized/plastic/plastic138.jpg,plastic,plastic,0,1450,train
data/raw/dataset-resized/plastic/plastic139.jpg,plastic,plastic,0,1451,train
data/raw/dataset-resized/plastic/plastic14.jpg,plastic,plastic,0,1452,train
data/raw/dataset-resized/plastic/plastic140.jpg,plastic,plastic,0,1453,train
data/raw/dataset-resized/plastic/plastic141.jpg,plastic,plastic,0,1454,val
data/raw/dataset-resized/plastic/plastic142.jpg,plastic,plastic,0,1455,train
data/raw/dataset-resized/plastic/plastic143.jpg,plastic,plastic,0,1456,train
data/raw/dataset-resized/plastic/plastic144.jpg,plastic,plastic,0,1457,test
data/raw/dataset-resized/plastic/plastic145.jpg,plastic,plastic,0,1458,test
data/raw/dataset-resized/plastic/plastic146.jpg,plastic,plastic,0,1459,train
data/raw/dataset-resized/plastic/plastic147.jpg,plastic,plastic,0,1460,train
data/raw/dataset-resized/plastic/plastic148.jpg,plastic,plastic,0,1461,train
data/raw/dataset-resized/plastic/plastic149.jpg,plastic,plastic,0,1462,train
data/raw/dataset-resized/plastic/plastic15.jpg,plastic,plastic,0,1463,test
data/raw/dataset-resized/plastic/plastic150.jpg,plastic,plastic,0,1460,train
data/raw/dataset-resized/plastic/plastic151.jpg,plastic,plastic,0,1465,val
data/raw/dataset-resized/plastic/plastic152.jpg,plastic,plastic,0,1466,train
data/raw/dataset-resized/plastic/plastic153.jpg,plastic,plastic,0,1467,val
data/raw/dataset-resized/plastic/plastic154.jpg,plastic,plastic,0,1419,train
data/raw/dataset-resized/plastic/plastic155.jpg,plastic,plastic,0,1469,test
data/raw/dataset-resized/plastic/plastic156.jpg,plastic,plastic,0,1470,train
data/raw/dataset-resized/plastic/plastic157.jpg,plastic,plastic,0,1471,train
data/raw/dataset-resized/plastic/plastic158.jpg,plastic,plastic,0,1472,val
data/raw/dataset-resized/plastic/plastic159.jpg,plastic,plastic,0,1473,train
data/raw/dataset-resized/plastic/plastic16.jpg,plastic,plastic,0,1474,val
data/raw/dataset-resized/plastic/plastic160.jpg,plastic,plastic,0,1475,train
data/raw/dataset-resized/plastic/plastic161.jpg,plastic,plastic,0,1476,val
data/raw/dataset-resized/plastic/plastic162.jpg,plastic,plastic,0,1477,val
data/raw/dataset-resized/plastic/plastic163.jpg,plastic,plastic,0,1478,train
data/raw/dataset-resized/plastic/plastic164.jpg,plastic,plastic,0,1479,test
data/raw/dataset-resized/plastic/plastic165.jpg,plastic,plastic,0,1480,train
data/raw/dataset-resized/plastic/plastic166.jpg,plastic,plastic,0,1481,test
data/raw/dataset-resized/plastic/plastic167.jpg,plastic,plastic,0,1482,train
data/raw/dataset-resized/plastic/plastic168.jpg,plastic,plastic,0,1483,train
data/raw/dataset-resized/plastic/plastic169.jpg,plastic,plastic,0,1484,val
data/raw/dataset-resized/plastic/plastic17.jpg,plastic,plastic,0,1485,val
data/raw/dataset-resized/plastic/plastic170.jpg,plastic,plastic,0,1486,train
data/raw/dataset-resized/plastic/plastic171.jpg,plastic,plastic,0,1487,train
data/raw/dataset-resized/plastic/plastic172.jpg,plastic,plastic,0,1488,train
data/raw/dataset-resized/plastic/plastic173.jpg,plastic,plastic,0,1489,test
data/raw/dataset-resized/plastic/plastic174.jpg,plastic,plastic,0,1490,train
data/raw/dataset-resized/plastic/plastic175.jpg,plastic,plastic,0,1491,train
data/raw/dataset-resized/plastic/plastic176.jpg,plastic,plastic,0,1492,train
data/raw/dataset-resized/plastic/plastic177.jpg,plastic,plastic,0,1493,train
data/raw/dataset-resized/plastic/plastic178.jpg,plastic,plastic,0,1494,train
data/raw/dataset-resized/plastic/plastic179.jpg,plastic,plastic,0,1495,train
data/raw/dataset-resized/plastic/plastic18.jpg,plastic,plastic,0,1496,train
data/raw/dataset-resized/plastic/plastic180.jpg,plastic,plastic,0,1497,val
data/raw/dataset-resized/plastic/plastic181.jpg,plastic,plastic,0,1498,train
data/raw/dataset-resized/plastic/plastic182.jpg,plastic,plastic,0,1499,train
data/raw/dataset-resized/plastic/plastic183.jpg,plastic,plastic,0,1500,val
data/raw/dataset-resized/plastic/plastic184.jpg,plastic,plastic,0,1501,train
data/raw/dataset-resized/plastic/plastic185.jpg,plastic,plastic,0,1502,train
data/raw/dataset-resized/plastic/plastic186.jpg,plastic,plastic,0,1503,train
data/raw/dataset-resized/plastic/plastic187.jpg,plastic,plastic,0,1504,train
data/raw/dataset-resized/plastic/plastic188.jpg,plastic,plastic,0,1505,train
data/raw/dataset-resized/plastic/plastic189.jpg,plastic,plastic,0,1506,train
data/raw/dataset-resized/plastic/plastic19.jpg,plastic,plastic,0,1497,val
data/raw/dataset-resized/plastic/plastic190.jpg,plastic,plastic,0,1508,train
data/raw/dataset-resized/plastic/plastic191.jpg,plastic,plastic,0,1509,val
data/raw/dataset-resized/plastic/plastic192.jpg,plastic,plastic,0,1510,train
data/raw/dataset-resized/plastic/plastic193.jpg,plastic,plastic,0,1739,train
data/raw/dataset-resized/plastic/plastic194.jpg,plastic,plastic,0,1512,train
data/raw/dataset-resized/plastic/plastic195.jpg,plastic,plastic,0,1513,train
data/raw/dataset-resized/plastic/plastic196.jpg,plastic,plastic,0,1514,train
data/raw/dataset-resized/plastic/plastic197.jpg,plastic,plastic,0,1515,train
data/raw/dataset-resized/plastic/plastic198.jpg,plastic,plastic,0,1516,train
data/raw/dataset-resized/plastic/plastic199.jpg,plastic,plastic,0,1517,val
data/raw/dataset-resized/plastic/plastic2.jpg,plastic,plastic,0,1518,val
data/raw/dataset-resized/plastic/plastic20.jpg,plastic,plastic,0,1519,train
data/raw/dataset-resized/plastic/plastic200.jpg,plastic,plastic,0,1520,val
data/raw/dataset-resized/plastic/plastic201.jpg,plastic,plastic,0,1521,train
data/raw/dataset-resized/plastic/plastic202.jpg,plastic,plastic,0,1522,val
data/raw/dataset-resized/plastic/plastic203.jpg,plastic,plastic,0,1523,test
data/raw/dataset-resized/plastic/plastic204.jpg,plastic,plastic,0,1524,train
data/raw/dataset-resized/plastic/plastic205.jpg,plastic,plastic,0,1525,test
data/raw/dataset-resized/plastic/plastic206.jpg,plastic,plastic,0,1526,train
data/raw/dataset-resized/plastic/plastic207.jpg,plastic,plastic,0,1527,train
data/raw/dataset-resized/plastic/plastic208.jpg,plastic,plastic,0,1528,train
data/raw/dataset-resized/plastic/plastic209.jpg,plastic,plastic,0,1529,train
data/raw/dataset-resized/plastic/plastic21.jpg,plastic,plastic,0,1530,train
data/raw/dataset-resized/plastic/plastic210.jpg,plastic,plastic,0,1531,test
data/raw/dataset-resized/plastic/plastic211.jpg,plastic,plastic,0,1532,test
data/raw/dataset-resized/plastic/plastic212.jpg,plastic,plastic,0,1533,val
data/raw/dataset-resized/plastic/plastic213.jpg,plastic,plastic,0,1534,train
data/raw/dataset-resized/plastic/plastic214.jpg,plastic,plastic,0,1535,train
data/raw/dataset-resized/plastic/plastic215.jpg,plastic,plastic,0,1536,val
data/raw/dataset-resized/plastic/plastic216.jpg,plastic,plastic,0,1537,train
data/raw/dataset-resized/plastic/plastic217.jpg,plastic,plastic,0,1538,train
data/raw/dataset-resized/plastic/plastic218.jpg,plastic,plastic,0,1539,train
data/raw/dataset-resized/plastic/plastic219.jpg,plastic,plastic,0,1540,val
data/raw/dataset-resized/plastic/plastic22.jpg,plastic,plastic,0,1541,train
data/raw/dataset-resized/plastic/plastic220.jpg,plastic,plastic,0,1542,train
data/raw/dataset-resized/plastic/plastic221.jpg,plastic,plastic,0,1543,train
data/raw/dataset-resized/plastic/plastic222.jpg,plastic,plastic,0,1544,train
data/raw/dataset-resized/plastic/plastic223.jpg,plastic,plastic,0,1545,train
data/raw/dataset-resized/plastic/plastic224.jpg,plastic,plastic,0,1546,test
data/raw/dataset-resized/plastic/plastic225.jpg,plastic,plastic,0,1547,val
data/raw/dataset-resized/plastic/plastic226.jpg,plastic,plastic,0,1548,train
data/raw/dataset-resized/plastic/plastic227.jpg,plastic,plastic,0,1549,train
data/raw/dataset-resized/plastic/plastic228.jpg,plastic,plastic,0,1550,train
data/raw/dataset-resized/plastic/plastic229.jpg,plastic,plastic,0,1551,train
data/raw/dataset-resized/plastic/plastic23.jpg,plastic,plastic,0,1552,train
data/raw/dataset-resized/plastic/plastic230.jpg,plastic,plastic,0,1553,val
data/raw/dataset-resized/plastic/plastic231.jpg,plastic,plastic,0,1554,train
data/raw/dataset-resized/plastic/plastic232.jpg,plastic,plastic,0,1555,test
data/raw/dataset-resized/plastic/plastic233.jpg,plastic,plastic,0,1556,train
data/raw/dataset-resized/plastic/plastic234.jpg,plastic,plastic,0,1557,train
data/raw/dataset-resized/plastic/plastic235.jpg,plastic,plastic,0,1558,train
data/raw/dataset-resized/plastic/plastic236.jpg,plastic,plastic,0,1559,train
data/raw/dataset-resized/plastic/plastic237.jpg,plastic,plastic,0,1560,train
data/raw/dataset-resized/plastic/plastic238.jpg,plastic,plastic,0,1561,train
data/raw/dataset-resized/plastic/plastic239.jpg,plastic,plastic,0,1562,train
data/raw/dataset-resized/plastic/plastic24.jpg,plastic,plastic,0,1563,train
data/raw/dataset-resized/plastic/plastic240.jpg,plastic,plastic,0,1564,train
data/raw/dataset-resized/plastic/plastic241.jpg,plastic,plastic,0,1565,train
data/raw/dataset-resized/plastic/plastic242.jpg,plastic,plastic,0,1566,test
data/raw/dataset-resized/plastic/plastic243.jpg,plastic,plastic,0,1567,test
data/raw/dataset-resized/plastic/plastic244.jpg,plastic,plastic,0,1568,train
data/raw/dataset-resized/plastic/plastic245.jpg,plastic,plastic,0,1569,train
data/raw/dataset-resized/plastic/plastic246.jpg,plastic,plastic,0,1570,train
data/raw/dataset-resized/plastic/plastic247.jpg,plastic,plastic,0,1571,train
data/raw/dataset-resized/plastic/plastic248.jpg,plastic,plastic,0,1572,train
data/raw/dataset-resized/plastic/plastic249.jpg,plastic,plastic,0,1573,train
data/raw/dataset-resized/plastic/plastic25.jpg,plastic,plastic,0,1574,train
data/raw/dataset-resized/plastic/plastic250.jpg,plastic,plastic,0,1575,train
data/raw/dataset-resized/plastic/plastic251.jpg,plastic,plastic,0,1576,train
data/raw/dataset-resized/plastic/plastic252.jpg,plastic,plastic,0,1577,val
data/raw/dataset-resized/plastic/plastic253.jpg,plastic,plastic,0,1578,train
data/raw/dataset-resized/plastic/plastic254.jpg,plastic,plastic,0,1579,test
data/raw/dataset-resized/plastic/plastic255.jpg,plastic,plastic,0,1580,val
data/raw/dataset-resized/plastic/plastic256.jpg,plastic,plastic,0,1497,val
data/raw/dataset-resized/plastic/plastic257.jpg,plastic,plastic,0,1582,train
data/raw/dataset-resized/plastic/plastic258.jpg,plastic,plastic,0,1583,val
data/raw/dataset-resized/plastic/plastic259.jpg,plastic,plastic,0,1584,train
data/raw/dataset-resized/plastic/plastic26.jpg,plastic,plastic,0,1497,val
data/raw/dataset-resized/plastic/plastic260.jpg,plastic,plastic,0,1586,train
data/raw/dataset-resized/plastic/plastic261.jpg,plastic,plastic,0,1587,train
data/raw/dataset-resized/plastic/plastic262.jpg,plastic,plastic,0,1588,train
data/raw/dataset-resized/plastic/plastic263.jpg,plastic,plastic,0,1589,train
data/raw/dataset-resized/plastic/plastic264.jpg,plastic,plastic,0,1590,train
data/raw/dataset-resized/plastic/plastic265.jpg,plastic,plastic,0,1591,train
data/raw/dataset-resized/plastic/plastic266.jpg,plastic,plastic,0,1592,train
data/raw/dataset-resized/plastic/plastic267.jpg,plastic,plastic,0,1593,train
data/raw/dataset-resized/plastic/plastic268.jpg,plastic,plastic,0,1594,train
data/raw/dataset-resized/plastic/plastic269.jpg,plastic,plastic,0,1595,train
data/raw/dataset-resized/plastic/plastic27.jpg,plastic,plastic,0,1596,train
data/raw/dataset-resized/plastic/plastic270.jpg,plastic,plastic,0,1597,val
data/raw/dataset-resized/plastic/plastic271.jpg,plastic,plastic,0,1598,train
data/raw/dataset-resized/plastic/plastic272.jpg,plastic,plastic,0,1599,test
data/raw/dataset-resized/plastic/plastic273.jpg,plastic,plastic,0,1600,train
data/raw/dataset-resized/plastic/plastic274.jpg,plastic,plastic,0,1601,train
data/raw/dataset-resized/plastic/plastic275.jpg,plastic,plastic,0,1485,val
data/raw/dataset-resized/plastic/plastic276.jpg,plastic,plastic,0,1603,test
data/raw/dataset-resized/plastic/plastic277.jpg,plastic,plastic,0,1604,test
data/raw/dataset-resized/plastic/plastic278.jpg,plastic,plastic,0,1605,test
data/raw/dataset-resized/plastic/plastic279.jpg,plastic,plastic,0,1606,train
data/raw/dataset-resized/plastic/plastic28.jpg,plastic,plastic,0,1607,train
data/raw/dataset-resized/plastic/plastic280.jpg,plastic,plastic,0,1608,train
data/raw/dataset-resized/plastic/plastic281.jpg,plastic,plastic,0,1609,train
data/raw/dataset-resized/plastic/plastic282.jpg,plastic,plastic,0,1610,test
data/raw/dataset-resized/plastic/plastic283.jpg,plastic,plastic,0,1611,train
data/raw/dataset-resized/plastic/plastic284.jpg,plastic,plastic,0,1612,train
data/raw/dataset-resized/plastic/plastic285.jpg,plastic,plastic,0,1613,test
data/raw/dataset-resized/plastic/plastic286.jpg,plastic,plastic,0,1614,train
data/raw/dataset-resized/plastic/plastic287.jpg,plastic,plastic,0,1615,train
data/raw/dataset-resized/plastic/plastic288.jpg,plastic,plastic,0,1616,train
data/raw/dataset-resized/plastic/plastic289.jpg,plastic,plastic,0,1617,train
data/raw/dataset-resized/plastic/plastic29.jpg,plastic,plastic,0,1618,val
data/raw/dataset-resized/plastic/plastic290.jpg,plastic,plastic,0,1619,train
data/raw/dataset-resized/plastic/plastic291.jpg,plastic,plastic,0,1620,train
data/raw/dataset-resized/plastic/plastic292.jpg,plastic,plastic,0,1621,train
data/raw/dataset-resized/plastic/plastic293.jpg,plastic,plastic,0,1622,train
data/raw/dataset-resized/plastic/plastic294.jpg,plastic,plastic,0,1739,train
data/raw/dataset-resized/plastic/plastic295.jpg,plastic,plastic,0,1624,test
data/raw/dataset-resized/plastic/plastic296.jpg,plastic,plastic,0,1625,test
data/raw/dataset-resized/plastic/plastic297.jpg,plastic,plastic,0,1626,train
data/raw/dataset-resized/plastic/plastic298.jpg,plastic,plastic,0,1627,train
data/raw/dataset-resized/plastic/plastic299.jpg,plastic,plastic,0,1628,test
data/raw/dataset-resized/plastic/plastic3.jpg,plastic,plastic,0,1460,train
data/raw/dataset-resized/plastic/plastic30.jpg,plastic,plastic,0,1630,train
data/raw/dataset-resized/plastic/plastic300.jpg,plastic,plastic,0,1631,test
data/raw/dataset-resized/plastic/plastic301.jpg,plastic,plastic,0,1632,val
data/raw/dataset-resized/plastic/plastic302.jpg,plastic,plastic,0,1633,train
data/raw/dataset-resized/plastic/plastic303.jpg,plastic,plastic,0,1634,train
data/raw/dataset-resized/plastic/plastic304.jpg,plastic,plastic,0,1635,train
data/raw/dataset-resized/plastic/plastic305.jpg,plastic,plastic,0,1636,train
data/raw/dataset-resized/plastic/plastic306.jpg,plastic,plastic,0,1637,train
data/raw/dataset-resized/plastic/plastic307.jpg,plastic,plastic,0,1638,train
data/raw/dataset-resized/plastic/plastic308.jpg,plastic,plastic,0,1639,train
data/raw/dataset-resized/plastic/plastic309.jpg,plastic,plastic,0,1640,train
data/raw/dataset-resized/plastic/plastic31.jpg,plastic,plastic,0,1641,train
data/raw/dataset-resized/plastic/plastic310.jpg,plastic,plastic,0,1642,train
data/raw/dataset-resized/plastic/plastic311.jpg,plastic,plastic,0,1643,train
data/raw/dataset-resized/plastic/plastic312.jpg,plastic,plastic,0,1644,test
data/raw/dataset-resized/plastic/plastic313.jpg,plastic,plastic,0,1645,train
data/raw/dataset-resized/plastic/plastic314.jpg,plastic,plastic,0,1646,val
data/raw/dataset-resized/plastic/plastic315.jpg,plastic,plastic,0,1647,train
data/raw/dataset-resized/plastic/plastic316.jpg,plastic,plastic,0,1648,val
data/raw/dataset-resized/plastic/plastic317.jpg,plastic,plastic,0,1649,test
data/raw/dataset-resized/plastic/plastic318.jpg,plastic,plastic,0,1650,train
data/raw/dataset-resized/plastic/plastic319.jpg,plastic,plastic,0,1651,train
data/raw/dataset-resized/plastic/plastic32.jpg,plastic,plastic,0,1652,train
data/raw/dataset-resized/plastic/plastic320.jpg,plastic,plastic,0,1653,train
data/raw/dataset-resized/plastic/plastic321.jpg,plastic,plastic,0,1654,test
data/raw/dataset-resized/plastic/plastic322.jpg,plastic,plastic,0,1655,train
data/raw/dataset-resized/plastic/plastic323.jpg,plastic,plastic,0,1656,train
data/raw/dataset-resized/plastic/plastic324.jpg,plastic,plastic,0,1657,train
data/raw/dataset-resized/plastic/plastic325.jpg,plastic,plastic,0,1658,test
data/raw/dataset-resized/plastic/plastic326.jpg,plastic,plastic,0,1659,train
data/raw/dataset-resized/plastic/plastic327.jpg,plastic,plastic,0,1660,val
data/raw/dataset-resized/plastic/plastic328.jpg,plastic,plastic,0,1661,train
data/raw/dataset-resized/plastic/plastic329.jpg,plastic,plastic,0,1662,train
data/raw/dataset-resized/plastic/plastic33.jpg,plastic,plastic,0,1663,train
data/raw/dataset-resized/plastic/plastic330.jpg,plastic,plastic,0,1664,train
data/raw/dataset-resized/plastic/plastic331.jpg,plastic,plastic,0,1665,train
data/raw/dataset-resized/plastic/plastic332.jpg,plastic,plastic,0,1666,train
data/raw/dataset-resized/plastic/plastic333.jpg,plastic,plastic,0,1667,test
data/raw/dataset-resized/plastic/plastic334.jpg,plastic,plastic,0,1668,train
data/raw/dataset-resized/plastic/plastic335.jpg,plastic,plastic,0,1669,test
data/raw/dataset-resized/plastic/plastic336.jpg,plastic,plastic,0,1670,train
data/raw/dataset-resized/plastic/plastic337.jpg,plastic,plastic,0,1671,train
data/raw/dataset-resized/plastic/plastic338.jpg,plastic,plastic,0,1672,train
data/raw/dataset-resized/plastic/plastic339.jpg,plastic,plastic,0,1673,train
data/raw/dataset-resized/plastic/plastic34.jpg,plastic,plastic,0,1674,train
data/raw/dataset-resized/plastic/plastic340.jpg,plastic,plastic,0,1675,train
data/raw/dataset-resized/plastic/plastic341.jpg,plastic,plastic,0,1676,train
data/raw/dataset-resized/plastic/plastic342.jpg,plastic,plastic,0,1677,train
data/raw/dataset-resized/plastic/plastic343.jpg,plastic,plastic,0,1678,train
data/raw/dataset-resized/plastic/plastic344.jpg,plastic,plastic,0,1679,val
data/raw/dataset-resized/plastic/plastic345.jpg,plastic,plastic,0,1680,train
data/raw/dataset-resized/plastic/plastic346.jpg,plastic,plastic,0,1681,train
data/raw/dataset-resized/plastic/plastic347.jpg,plastic,plastic,0,1682,train
data/raw/dataset-resized/plastic/plastic348.jpg,plastic,plastic,0,1497,val
data/raw/dataset-resized/plastic/plastic349.jpg,plastic,plastic,0,1684,train
data/raw/dataset-resized/plastic/plastic35.jpg,plastic,plastic,0,1685,train
data/raw/dataset-resized/plastic/plastic350.jpg,plastic,plastic,0,1686,train
data/raw/dataset-resized/plastic/plastic351.jpg,plastic,plastic,0,1687,val
data/raw/dataset-resized/plastic/plastic352.jpg,plastic,plastic,0,1688,train
data/raw/dataset-resized/plastic/plastic353.jpg,plastic,plastic,0,1689,train
data/raw/dataset-resized/plastic/plastic354.jpg,plastic,plastic,0,1690,train
data/raw/dataset-resized/plastic/plastic355.jpg,plastic,plastic,0,1691,train
data/raw/dataset-resized/plastic/plastic356.jpg,plastic,plastic,0,1692,train
data/raw/dataset-resized/plastic/plastic357.jpg,plastic,plastic,0,1693,test
data/raw/dataset-resized/plastic/plastic358.jpg,plastic,plastic,0,1625,test
data/raw/dataset-resized/plastic/plastic359.jpg,plastic,plastic,0,1695,test
data/raw/dataset-resized/plastic/plastic36.jpg,plastic,plastic,0,1696,train
data/raw/dataset-resized/plastic/plastic360.jpg,plastic,plastic,0,1697,val
data/raw/dataset-resized/plastic/plastic361.jpg,plastic,plastic,0,1698,train
data/raw/dataset-resized/plastic/plastic362.jpg,plastic,plastic,0,1699,train
data/raw/dataset-resized/plastic/plastic363.jpg,plastic,plastic,0,1486,train
data/raw/dataset-resized/plastic/plastic364.jpg,plastic,plastic,0,1701,train
data/raw/dataset-resized/plastic/plastic365.jpg,plastic,plastic,0,1702,train
data/raw/dataset-resized/plastic/plastic366.jpg,plastic,plastic,0,1703,val
data/raw/dataset-resized/plastic/plastic367.jpg,plastic,plastic,0,1704,train
data/raw/dataset-resized/plastic/plastic368.jpg,plastic,plastic,0,1705,train
data/raw/dataset-resized/plastic/plastic369.jpg,plastic,plastic,0,1706,train
data/raw/dataset-resized/plastic/plastic37.jpg,plastic,plastic,0,1707,test
data/raw/dataset-resized/plastic/plastic370.jpg,plastic,plastic,0,1708,train
data/raw/dataset-resized/plastic/plastic371.jpg,plastic,plastic,0,1709,val
data/raw/dataset-resized/plastic/plastic372.jpg,plastic,plastic,0,1710,train
data/raw/dataset-resized/plastic/plastic373.jpg,plastic,plastic,0,1711,train
data/raw/dataset-resized/plastic/plastic374.jpg,plastic,plastic,0,1712,train
data/raw/dataset-resized/plastic/plastic375.jpg,plastic,plastic,0,1713,train
data/raw/dataset-resized/plastic/plastic376.jpg,plastic,plastic,0,1714,train
data/raw/dataset-resized/plastic/plastic377.jpg,plastic,plastic,0,1715,train
data/raw/dataset-resized/plastic/plastic378.jpg,plastic,plastic,0,1716,train
data/raw/dataset-resized/plastic/plastic379.jpg,plastic,plastic,0,1717,train
data/raw/dataset-resized/plastic/plastic38.jpg,plastic,plastic,0,1718,train
data/raw/dataset-resized/plastic/plastic380.jpg,plastic,plastic,0,1719,test
data/raw/dataset-resized/plastic/plastic381.jpg,plastic,plastic,0,1720,test
data/raw/dataset-resized/plastic/plastic382.jpg,plastic,plastic,0,1721,val
data/raw/dataset-resized/plastic/plastic383.jpg,plastic,plastic,0,1722,train
data/raw/dataset-resized/plastic/plastic384.jpg,plastic,plastic,0,1723,val
data/raw/dataset-resized/plastic/plastic385.jpg,plastic,plastic,0,1685,train
data/raw/dataset-resized/plastic/plastic386.jpg,plastic,plastic,0,1725,train
data/raw/dataset-resized/plastic/plastic387.jpg,plastic,plastic,0,1726,val
data/raw/dataset-resized/plastic/plastic388.jpg,plastic,plastic,0,1727,train
data/raw/dataset-resized/plastic/plastic389.jpg,plastic,plastic,0,1728,train
data/raw/dataset-resized/plastic/plastic39.jpg,plastic,plastic,0,1729,train
data/raw/dataset-resized/plastic/plastic390.jpg,plastic,plastic,0,1730,train
data/raw/dataset-resized/plastic/plastic391.jpg,plastic,plastic,0,1731,train
data/raw/dataset-resized/plastic/plastic392.jpg,plastic,plastic,0,1732,train
data/raw/dataset-resized/plastic/plastic393.jpg,plastic,plastic,0,1733,test
data/raw/dataset-resized/plastic/plastic394.jpg,plastic,plastic,0,1734,train
data/raw/dataset-resized/plastic/plastic395.jpg,plastic,plastic,0,1735,train
data/raw/dataset-resized/plastic/plastic396.jpg,plastic,plastic,0,1736,test
data/raw/dataset-resized/plastic/plastic397.jpg,plastic,plastic,0,1737,train
data/raw/dataset-resized/plastic/plastic398.jpg,plastic,plastic,0,1738,test
data/raw/dataset-resized/plastic/plastic399.jpg,plastic,plastic,0,1739,train
data/raw/dataset-resized/plastic/plastic4.jpg,plastic,plastic,0,1740,train
data/raw/dataset-resized/plastic/plastic40.jpg,plastic,plastic,0,1741,train
data/raw/dataset-resized/plastic/plastic400.jpg,plastic,plastic,0,1742,train
data/raw/dataset-resized/plastic/plastic401.jpg,plastic,plastic,0,1743,train
data/raw/dataset-resized/plastic/plastic402.jpg,plastic,plastic,0,1744,train
data/raw/dataset-resized/plastic/plastic403.jpg,plastic,plastic,0,1745,train
data/raw/dataset-resized/plastic/plastic404.jpg,plastic,plastic,0,1746,train
data/raw/dataset-resized/plastic/plastic405.jpg,plastic,plastic,0,1747,test
data/raw/dataset-resized/plastic/plastic406.jpg,plastic,plastic,0,1748,test
data/raw/dataset-resized/plastic/plastic407.jpg,plastic,plastic,0,1749,val
data/raw/dataset-resized/plastic/plastic408.jpg,plastic,plastic,0,1750,val
data/raw/dataset-resized/plastic/plastic409.jpg,plastic,plastic,0,1751,train
data/raw/dataset-resized/plastic/plastic41.jpg,plastic,plastic,0,1573,train
data/raw/dataset-resized/plastic/plastic410.jpg,plastic,plastic,0,1753,val
data/raw/dataset-resized/plastic/plastic411.jpg,plastic,plastic,0,1754,test
data/raw/dataset-resized/plastic/plastic412.jpg,plastic,plastic,0,1755,test
data/raw/dataset-resized/plastic/plastic413.jpg,plastic,plastic,0,1756,train
data/raw/dataset-resized/plastic/plastic414.jpg,plastic,plastic,0,1757,train
data/raw/dataset-resized/plastic/plastic415.jpg,plastic,plastic,0,1758,test
data/raw/dataset-resized/plastic/plastic416.jpg,plastic,plastic,0,1759,train
data/raw/dataset-resized/plastic/plastic417.jpg,plastic,plastic,0,1760,train
data/raw/dataset-resized/plastic/plastic418.jpg,plastic,plastic,0,1761,val
data/raw/dataset-resized/plastic/plastic419.jpg,plastic,plastic,0,1723,val
data/raw/dataset-resized/plastic/plastic42.jpg,plastic,plastic,0,1763,val
data/raw/dataset-resized/plastic/plastic420.jpg,plastic,plastic,0,1764,train
data/raw/dataset-resized/plastic/plastic421.jpg,plastic,plastic,0,1765,train
data/raw/dataset-resized/plastic/plastic422.jpg,plastic,plastic,0,1766,train
data/raw/dataset-resized/plastic/plastic423.jpg,plastic,plastic,0,1767,test
data/raw/dataset-resized/plastic/plastic424.jpg,plastic,plastic,0,1768,test
data/raw/dataset-resized/plastic/plastic425.jpg,plastic,plastic,0,1769,test
data/raw/dataset-resized/plastic/plastic426.jpg,plastic,plastic,0,1770,train
data/raw/dataset-resized/plastic/plastic427.jpg,plastic,plastic,0,1771,train
data/raw/dataset-resized/plastic/plastic428.jpg,plastic,plastic,0,1772,train
data/raw/dataset-resized/plastic/plastic429.jpg,plastic,plastic,0,1773,train
data/raw/dataset-resized/plastic/plastic43.jpg,plastic,plastic,0,1739,train
data/raw/dataset-resized/plastic/plastic430.jpg,plastic,plastic,0,1775,train
data/raw/dataset-resized/plastic/plastic431.jpg,plastic,plastic,0,1776,test
data/raw/dataset-resized/plastic/plastic432.jpg,plastic,plastic,0,1777,train
data/raw/dataset-resized/plastic/plastic433.jpg,plastic,plastic,0,1778,test
data/raw/dataset-resized/plastic/plastic434.jpg,plastic,plastic,0,1779,train
data/raw/dataset-resized/plastic/plastic435.jpg,plastic,plastic,0,1780,train
data/raw/dataset-resized/plastic/plastic436.jpg,plastic,plastic,0,1781,test
data/raw/dataset-resized/plastic/plastic437.jpg,plastic,plastic,0,1782,train
data/raw/dataset-resized/plastic/plastic438.jpg,plastic,plastic,0,1783,test
data/raw/dataset-resized/plastic/plastic439.jpg,plastic,plastic,0,1784,train
data/raw/dataset-resized/plastic/plastic44.jpg,plastic,plastic,0,1785,train
data/raw/dataset-resized/plastic/plastic440.jpg,plastic,plastic,0,1786,train
data/raw/dataset-resized/plastic/plastic441.jpg,plastic,plastic,0,1787,train
data/raw/dataset-resized/plastic/plastic442.jpg,plastic,plastic,0,1788,train
data/raw/dataset-resized/plastic/plastic443.jpg,plastic,plastic,0,1789,train
data/raw/dataset-resized/plastic/plastic444.jpg,plastic,plastic,0,1790,train
data/raw/dataset-resized/plastic/plastic445.jpg,plastic,plastic,0,1791,train
data/raw/dataset-resized/plastic/plastic446.jpg,plastic,plastic,0,1792,train
data/raw/dataset-resized/plastic/plastic447.jpg,plastic,plastic,0,1793,train
data/raw/dataset-resized/plastic/plastic448.jpg,plastic,plastic,0,1794,val
data/raw/dataset-resized/plastic/plastic449.jpg,plastic,plastic,0,1795,train
data/raw/dataset-resized/plastic/plastic45.jpg,plastic,plastic,0,1796,train
data/raw/dataset-resized/plastic/plastic450.jpg,plastic,plastic,0,1797,test
data/raw/dataset-resized/plastic/plastic451.jpg,plastic,plastic,0,1798,train
data/raw/dataset-resized/plastic/plastic452.jpg,plastic,plastic,0,1799,val
data/raw/dataset-resized/plastic/plastic453.jpg,plastic,plastic,0,1800,train
data/raw/dataset-resized/plastic/plastic454.jpg,plastic,plastic,0,1801,train
data/raw/dataset-resized/plastic/plastic455.jpg,plastic,plastic,0,1802,train
data/raw/dataset-resized/plastic/plastic456.jpg,plastic,plastic,0,1803,train
data/raw/dataset-resized/plastic/plastic457.jpg,plastic,plastic,0,1804,train
data/raw/dataset-resized/plastic/plastic458.jpg,plastic,plastic,0,1805,test
data/raw/dataset-resized/plastic/plastic459.jpg,plastic,plastic,0,1806,train
data/raw/dataset-resized/plastic/plastic46.jpg,plastic,plastic,0,1807,train
data/raw/dataset-resized/plastic/plastic460.jpg,plastic,plastic,0,1808,test
data/raw/dataset-resized/plastic/plastic461.jpg,plastic,plastic,0,1809,train
data/raw/dataset-resized/plastic/plastic462.jpg,plastic,plastic,0,1810,train
data/raw/dataset-resized/plastic/plastic463.jpg,plastic,plastic,0,1811,val
data/raw/dataset-resized/plastic/plastic464.jpg,plastic,plastic,0,1812,train
data/raw/dataset-resized/plastic/plastic465.jpg,plastic,plastic,0,1813,train
data/raw/dataset-resized/plastic/plastic466.jpg,plastic,plastic,0,1814,train
data/raw/dataset-resized/plastic/plastic467.jpg,plastic,plastic,0,1815,val
data/raw/dataset-resized/plastic/plastic468.jpg,plastic,plastic,0,1816,train
data/raw/dataset-resized/plastic/plastic469.jpg,plastic,plastic,0,1817,val
data/raw/dataset-resized/plastic/plastic47.jpg,plastic,plastic,0,1818,train
data/raw/dataset-resized/plastic/plastic470.jpg,plastic,plastic,0,1819,train
data/raw/dataset-resized/plastic/plastic471.jpg,plastic,plastic,0,1820,test
data/raw/dataset-resized/plastic/plastic472.jpg,plastic,plastic,0,1821,train
data/raw/dataset-resized/plastic/plastic473.jpg,plastic,plastic,0,1822,train
data/raw/dataset-resized/plastic/plastic474.jpg,plastic,plastic,0,1555,test
data/raw/dataset-resized/plastic/plastic475.jpg,plastic,plastic,0,1824,train
data/raw/dataset-resized/plastic/plastic476.jpg,plastic,plastic,0,1825,train
data/raw/dataset-resized/plastic/plastic477.jpg,plastic,plastic,0,1826,train
data/raw/dataset-resized/plastic/plastic478.jpg,plastic,plastic,0,1827,train
data/raw/dataset-resized/plastic/plastic479.jpg,plastic,plastic,0,1828,train
data/raw/dataset-resized/plastic/plastic48.jpg,plastic,plastic,0,1829,train
data/raw/dataset-resized/plastic/plastic480.jpg,plastic,plastic,0,1830,test
data/raw/dataset-resized/plastic/plastic481.jpg,plastic,plastic,0,1831,train
data/raw/dataset-resized/plastic/plastic482.jpg,plastic,plastic,0,1832,train
data/raw/dataset-resized/plastic/plastic49.jpg,plastic,plastic,0,1833,train
data/raw/dataset-resized/plastic/plastic5.jpg,plastic,plastic,0,1834,train
data/raw/dataset-resized/plastic/plastic50.jpg,plastic,plastic,0,1835,train
data/raw/dataset-resized/plastic/plastic51.jpg,plastic,plastic,0,1836,val
data/raw/dataset-resized/plastic/plastic52.jpg,plastic,plastic,0,1837,train
data/raw/dataset-resized/plastic/plastic53.jpg,plastic,plastic,0,1838,val
data/raw/dataset-resized/plastic/plastic54.jpg,plastic,plastic,0,1839,train
data/raw/dataset-resized/plastic/plastic55.jpg,plastic,plastic,0,1840,test
data/raw/dataset-resized/plastic/plastic56.jpg,plastic,plastic,0,1841,train
data/raw/dataset-resized/plastic/plastic57.jpg,plastic,plastic,0,1842,test
data/raw/dataset-resized/plastic/plastic58.jpg,plastic,plastic,0,1843,val
data/raw/dataset-resized/plastic/plastic59.jpg,plastic,plastic,0,1844,train
data/raw/dataset-resized/plastic/plastic6.jpg,plastic,plastic,0,1845,train
data/raw/dataset-resized/plastic/plastic60.jpg,plastic,plastic,0,1846,train
data/raw/dataset-resized/plastic/plastic61.jpg,plastic,plastic,0,1847,test
data/raw/dataset-resized/plastic/plastic62.jpg,plastic,plastic,0,1848,train
data/raw/dataset-resized/plastic/plastic63.jpg,plastic,plastic,0,1849,train
data/raw/dataset-resized/plastic/plastic64.jpg,plastic,plastic,0,1850,train
data/raw/dataset-resized/plastic/plastic65.jpg,plastic,plastic,0,1851,train
data/raw/dataset-resized/plastic/plastic66.jpg,plastic,plastic,0,1852,train
data/raw/dataset-resized/plastic/plastic67.jpg,plastic,plastic,0,1853,train
data/raw/dataset-resized/plastic/plastic68.jpg,plastic,plastic,0,1854,train
data/raw/dataset-resized/plastic/plastic69.jpg,plastic,plastic,0,1855,test
data/raw/dataset-resized/plastic/plastic7.jpg,plastic,plastic,0,1856,train
data/raw/dataset-resized/plastic/plastic70.jpg,plastic,plastic,0,1857,train
data/raw/dataset-resized/plastic/plastic71.jpg,plastic,plastic,0,1858,train
data/raw/dataset-resized/plastic/plastic72.jpg,plastic,plastic,0,1859,train
data/raw/dataset-resized/plastic/plastic73.jpg,plastic,plastic,0,1860,train
data/raw/dataset-resized/plastic/plastic74.jpg,plastic,plastic,0,1861,test
data/raw/dataset-resized/plastic/plastic75.jpg,plastic,plastic,0,1862,train
data/raw/dataset-resized/plastic/plastic76.jpg,plastic,plastic,0,1739,train
data/raw/dataset-resized/plastic/plastic77.jpg,plastic,plastic,0,1864,val
data/raw/dataset-resized/plastic/plastic78.jpg,plastic,plastic,0,1865,train
data/raw/dataset-resized/plastic/plastic79.jpg,plastic,plastic,0,1866,train
data/raw/dataset-resized/plastic/plastic8.jpg,plastic,plastic,0,1867,train
data/raw/dataset-resized/plastic/plastic80.jpg,plastic,plastic,0,1868,train
data/raw/dataset-resized/plastic/plastic81.jpg,plastic,plastic,0,1869,train
data/raw/dataset-resized/plastic/plastic82.jpg,plastic,plastic,0,1870,train
data/raw/dataset-resized/plastic/plastic83.jpg,plastic,plastic,0,1871,train
data/raw/dataset-resized/plastic/plastic84.jpg,plastic,plastic,0,1872,train
data/raw/dataset-resized/plastic/plastic85.jpg,plastic,plastic,0,1873,val
data/raw/dataset-resized/plastic/plastic86.jpg,plastic,plastic,0,1874,train
data/raw/dataset-resized/plastic/plastic87.jpg,plastic,plastic,0,1875,val
data/raw/dataset-resized/plastic/plastic88.jpg,plastic,plastic,0,1876,train
data/raw/dataset-resized/plastic/plastic89.jpg,plastic,plastic,0,1877,train
data/raw/dataset-resized/plastic/plastic9.jpg,plastic,plastic,0,1419,train
data/raw/dataset-resized/plastic/plastic90.jpg,plastic,plastic,0,1739,train
data/raw/dataset-resized/plastic/plastic91.jpg,plastic,plastic,0,1880,test
data/raw/dataset-resized/plastic/plastic92.jpg,plastic,plastic,0,1881,train
data/raw/dataset-resized/plastic/plastic93.jpg,plastic,plastic,0,1882,train
data/raw/dataset-resized/plastic/plastic94.jpg,plastic,plastic,0,1883,train
data/raw/dataset-resized/plastic/plastic95.jpg,plastic,plastic,0,1884,train
data/raw/dataset-resized/plastic/plastic96.jpg,plastic,plastic,0,1885,val
data/raw/dataset-resized/plastic/plastic97.jpg,plastic,plastic,0,1886,test
data/raw/dataset-resized/plastic/plastic98.jpg,plastic,plastic,0,1887,val
data/raw/dataset-resized/plastic/plastic99.jpg,plastic,plastic,0,1888,test
